"","teacherID","studentID","focus1","focus2","focus3","avoid1","avoid2","avoid3"
"1",1,1,3,4,3,4,4,4
"2",1,1,3,4,3,4,4,4
"3",1,1,3,4,3,4,4,4
"4",1,1,3,4,3,4,4,4
"5",1,1,3,4,3,4,4,4
"6",1,1,3,4,3,4,4,4
"7",1,1,3,4,3,4,4,4
"8",1,1,3,4,3,4,4,4
"9",1,1,3,4,3,4,4,4
"10",1,1,3,4,3,4,4,4
"11",1,1,3,4,3,4,4,4
"12",1,1,3,4,3,4,4,4
"13",1,1,3,4,3,4,4,4
"14",1,1,3,4,3,4,4,4
"15",1,1,3,4,3,4,4,4
"16",1,1,3,4,3,4,4,4
"17",1,1,3,4,3,4,4,4
"18",1,1,3,4,3,4,4,4
"19",1,1,3,4,3,4,4,4
"20",1,1,3,4,3,4,4,4
"21",1,1,3,4,3,4,4,4
"22",1,1,3,4,3,4,4,4
"23",1,1,3,4,3,4,4,4
"24",1,1,3,4,3,4,4,4
"25",1,1,3,4,3,4,4,4
"26",1,1,3,4,3,4,4,4
"27",1,1,3,4,3,4,4,4
"28",1,1,3,4,3,4,4,4
"29",1,2,4,4,4,2,2,2
"30",1,2,4,4,4,2,2,2
"31",1,2,4,4,4,2,2,2
"32",1,2,4,4,4,2,2,2
"33",1,2,4,4,4,2,2,2
"34",1,2,4,4,4,2,2,2
"35",1,2,4,4,4,2,2,2
"36",1,2,4,4,4,2,2,2
"37",1,2,4,4,4,2,2,2
"38",1,2,4,4,4,2,2,2
"39",1,2,4,4,4,2,2,2
"40",1,2,4,4,4,2,2,2
"41",1,2,4,4,4,2,2,2
"42",1,2,4,4,4,2,2,2
"43",1,2,4,4,4,2,2,2
"44",1,2,4,4,4,2,2,2
"45",1,2,4,4,4,2,2,2
"46",1,2,4,4,4,2,2,2
"47",1,2,4,4,4,2,2,2
"48",1,2,4,4,4,2,2,2
"49",1,2,4,4,4,2,2,2
"50",1,3,4,4,3,2,2,2
"51",1,3,4,4,3,2,2,2
"52",1,3,4,4,3,2,2,2
"53",1,3,4,4,3,2,2,2
"54",1,3,4,4,3,2,2,2
"55",1,3,4,4,3,2,2,2
"56",1,3,4,4,3,2,2,2
"57",1,3,4,4,3,2,2,2
"58",1,3,4,4,3,2,2,2
"59",1,3,4,4,3,2,2,2
"60",1,3,4,4,3,2,2,2
"61",1,3,4,4,3,2,2,2
"62",1,3,4,4,3,2,2,2
"63",1,3,4,4,3,2,2,2
"64",1,3,4,4,3,2,2,2
"65",1,3,4,4,3,2,2,2
"66",1,3,4,4,3,2,2,2
"67",1,3,4,4,3,2,2,2
"68",1,3,4,4,3,2,2,2
"69",1,3,4,4,3,2,2,2
"70",1,3,4,4,3,2,2,2
"71",1,3,4,4,3,2,2,2
"72",1,3,4,4,3,2,2,2
"73",1,4,4,3,4,3,3,4
"74",1,4,4,3,4,3,3,4
"75",1,4,4,3,4,3,3,4
"76",1,4,4,3,4,3,3,4
"77",1,4,4,3,4,3,3,4
"78",1,4,4,3,4,3,3,4
"79",1,4,4,3,4,3,3,4
"80",1,4,4,3,4,3,3,4
"81",1,4,4,3,4,3,3,4
"82",1,4,4,3,4,3,3,4
"83",1,4,4,3,4,3,3,4
"84",1,4,4,3,4,3,3,4
"85",1,4,4,3,4,3,3,4
"86",1,4,4,3,4,3,3,4
"87",1,4,4,3,4,3,3,4
"88",1,4,4,3,4,3,3,4
"89",1,4,4,3,4,3,3,4
"90",1,4,4,3,4,3,3,4
"91",1,5,3,3,4,4,3,4
"92",1,5,3,3,4,4,3,4
"93",1,5,3,3,4,4,3,4
"94",1,5,3,3,4,4,3,4
"95",1,5,3,3,4,4,3,4
"96",1,5,3,3,4,4,3,4
"97",1,5,3,3,4,4,3,4
"98",1,5,3,3,4,4,3,4
"99",1,5,3,3,4,4,3,4
"100",1,5,3,3,4,4,3,4
"101",1,5,3,3,4,4,3,4
"102",1,5,3,3,4,4,3,4
"103",1,5,3,3,4,4,3,4
"104",1,5,3,3,4,4,3,4
"105",1,5,3,3,4,4,3,4
"106",1,5,3,3,4,4,3,4
"107",1,6,2,2,2,4,4,4
"108",1,6,2,2,2,4,4,4
"109",1,6,2,2,2,4,4,4
"110",1,6,2,2,2,4,4,4
"111",1,6,2,2,2,4,4,4
"112",1,6,2,2,2,4,4,4
"113",1,6,2,2,2,4,4,4
"114",1,6,2,2,2,4,4,4
"115",1,6,2,2,2,4,4,4
"116",1,6,2,2,2,4,4,4
"117",1,6,2,2,2,4,4,4
"118",1,6,2,2,2,4,4,4
"119",1,6,2,2,2,4,4,4
"120",1,6,2,2,2,4,4,4
"121",1,6,2,2,2,4,4,4
"122",1,6,2,2,2,4,4,4
"123",1,6,2,2,2,4,4,4
"124",1,7,3,3,3,2,3,2
"125",1,7,3,3,3,2,3,2
"126",1,7,3,3,3,2,3,2
"127",1,7,3,3,3,2,3,2
"128",1,7,3,3,3,2,3,2
"129",1,7,3,3,3,2,3,2
"130",1,7,3,3,3,2,3,2
"131",1,7,3,3,3,2,3,2
"132",1,7,3,3,3,2,3,2
"133",1,7,3,3,3,2,3,2
"134",1,7,3,3,3,2,3,2
"135",1,7,3,3,3,2,3,2
"136",1,7,3,3,3,2,3,2
"137",1,7,3,3,3,2,3,2
"138",1,7,3,3,3,2,3,2
"139",1,7,3,3,3,2,3,2
"140",1,7,3,3,3,2,3,2
"141",1,7,3,3,3,2,3,2
"142",1,7,3,3,3,2,3,2
"143",1,7,3,3,3,2,3,2
"144",1,7,3,3,3,2,3,2
"145",1,7,3,3,3,2,3,2
"146",1,8,3,3,3,4,3,3
"147",1,8,3,3,3,4,3,3
"148",1,8,3,3,3,4,3,3
"149",1,8,3,3,3,4,3,3
"150",1,8,3,3,3,4,3,3
"151",1,8,3,3,3,4,3,3
"152",1,8,3,3,3,4,3,3
"153",1,8,3,3,3,4,3,3
"154",1,8,3,3,3,4,3,3
"155",1,8,3,3,3,4,3,3
"156",1,8,3,3,3,4,3,3
"157",1,8,3,3,3,4,3,3
"158",1,8,3,3,3,4,3,3
"159",1,8,3,3,3,4,3,3
"160",1,8,3,3,3,4,3,3
"161",1,8,3,3,3,4,3,3
"162",1,8,3,3,3,4,3,3
"163",1,8,3,3,3,4,3,3
"164",1,8,3,3,3,4,3,3
"165",1,8,3,3,3,4,3,3
"166",1,8,3,3,3,4,3,3
"167",1,8,3,3,3,4,3,3
"168",1,8,3,3,3,4,3,3
"169",1,8,3,3,3,4,3,3
"170",1,8,3,3,3,4,3,3
"171",1,8,3,3,3,4,3,3
"172",1,9,3,3,3,3,3,3
"173",1,9,3,3,3,3,3,3
"174",1,9,3,3,3,3,3,3
"175",1,9,3,3,3,3,3,3
"176",1,9,3,3,3,3,3,3
"177",1,9,3,3,3,3,3,3
"178",1,9,3,3,3,3,3,3
"179",1,9,3,3,3,3,3,3
"180",1,9,3,3,3,3,3,3
"181",1,9,3,3,3,3,3,3
"182",1,9,3,3,3,3,3,3
"183",1,9,3,3,3,3,3,3
"184",1,9,3,3,3,3,3,3
"185",1,9,3,3,3,3,3,3
"186",1,9,3,3,3,3,3,3
"187",1,9,3,3,3,3,3,3
"188",1,9,3,3,3,3,3,3
"189",1,9,3,3,3,3,3,3
"190",1,9,3,3,3,3,3,3
"191",1,9,3,3,3,3,3,3
"192",1,9,3,3,3,3,3,3
"193",1,9,3,3,3,3,3,3
"194",1,9,3,3,3,3,3,3
"195",1,9,3,3,3,3,3,3
"196",1,9,3,3,3,3,3,3
"197",1,10,4,4,4,2,2,2
"198",1,10,4,4,4,2,2,2
"199",1,10,4,4,4,2,2,2
"200",1,10,4,4,4,2,2,2
"201",1,10,4,4,4,2,2,2
"202",1,10,4,4,4,2,2,2
"203",1,10,4,4,4,2,2,2
"204",1,10,4,4,4,2,2,2
"205",1,10,4,4,4,2,2,2
"206",1,10,4,4,4,2,2,2
"207",1,10,4,4,4,2,2,2
"208",1,10,4,4,4,2,2,2
"209",1,10,4,4,4,2,2,2
"210",1,10,4,4,4,2,2,2
"211",1,10,4,4,4,2,2,2
"212",1,10,4,4,4,2,2,2
"213",1,10,4,4,4,2,2,2
"214",1,10,4,4,4,2,2,2
"215",1,10,4,4,4,2,2,2
"216",1,10,4,4,4,2,2,2
"217",1,10,4,4,4,2,2,2
"218",1,10,4,4,4,2,2,2
"219",1,10,4,4,4,2,2,2
"220",1,10,4,4,4,2,2,2
"221",1,10,4,4,4,2,2,2
"222",1,10,4,4,4,2,2,2
"223",1,10,4,4,4,2,2,2
"224",1,11,4,4,4,2,2,2
"225",1,11,4,4,4,2,2,2
"226",1,11,4,4,4,2,2,2
"227",1,11,4,4,4,2,2,2
"228",1,11,4,4,4,2,2,2
"229",1,11,4,4,4,2,2,2
"230",1,11,4,4,4,2,2,2
"231",1,11,4,4,4,2,2,2
"232",1,11,4,4,4,2,2,2
"233",1,11,4,4,4,2,2,2
"234",1,11,4,4,4,2,2,2
"235",1,11,4,4,4,2,2,2
"236",1,11,4,4,4,2,2,2
"237",1,11,4,4,4,2,2,2
"238",1,11,4,4,4,2,2,2
"239",1,11,4,4,4,2,2,2
"240",1,11,4,4,4,2,2,2
"241",1,11,4,4,4,2,2,2
"242",1,11,4,4,4,2,2,2
"243",1,11,4,4,4,2,2,2
"244",1,11,4,4,4,2,2,2
"245",1,11,4,4,4,2,2,2
"246",1,12,3,3,3,3,3,3
"247",1,12,3,3,3,3,3,3
"248",1,12,3,3,3,3,3,3
"249",1,12,3,3,3,3,3,3
"250",1,12,3,3,3,3,3,3
"251",1,12,3,3,3,3,3,3
"252",1,12,3,3,3,3,3,3
"253",1,12,3,3,3,3,3,3
"254",1,12,3,3,3,3,3,3
"255",1,12,3,3,3,3,3,3
"256",1,12,3,3,3,3,3,3
"257",1,12,3,3,3,3,3,3
"258",1,12,3,3,3,3,3,3
"259",1,12,3,3,3,3,3,3
"260",1,12,3,3,3,3,3,3
"261",1,13,3,3,3,3,3,3
"262",1,13,3,3,3,3,3,3
"263",1,13,3,3,3,3,3,3
"264",1,13,3,3,3,3,3,3
"265",1,13,3,3,3,3,3,3
"266",1,13,3,3,3,3,3,3
"267",1,13,3,3,3,3,3,3
"268",1,13,3,3,3,3,3,3
"269",1,13,3,3,3,3,3,3
"270",1,13,3,3,3,3,3,3
"271",1,13,3,3,3,3,3,3
"272",1,13,3,3,3,3,3,3
"273",1,13,3,3,3,3,3,3
"274",1,13,3,3,3,3,3,3
"275",1,13,3,3,3,3,3,3
"276",1,13,3,3,3,3,3,3
"277",1,13,3,3,3,3,3,3
"278",1,13,3,3,3,3,3,3
"279",1,13,3,3,3,3,3,3
"280",1,13,3,3,3,3,3,3
"281",1,13,3,3,3,3,3,3
"282",1,13,3,3,3,3,3,3
"283",1,13,3,3,3,3,3,3
"284",1,13,3,3,3,3,3,3
"285",1,13,3,3,3,3,3,3
"286",2,14,5,5,5,1,1,1
"287",2,14,5,5,5,1,1,1
"288",2,14,5,5,5,1,1,1
"289",2,14,5,5,5,1,1,1
"290",2,14,5,5,5,1,1,1
"291",2,14,5,5,5,1,1,1
"292",2,14,5,5,5,1,1,1
"293",2,14,5,5,5,1,1,1
"294",2,14,5,5,5,1,1,1
"295",2,15,1,1,1,4,3,5
"296",2,15,1,1,1,4,3,5
"297",2,15,1,1,1,4,3,5
"298",2,15,1,1,1,4,3,5
"299",2,15,1,1,1,4,3,5
"300",2,15,1,1,1,4,3,5
"301",2,15,1,1,1,4,3,5
"302",2,15,1,1,1,4,3,5
"303",2,16,5,4,5,2,1,2
"304",2,16,5,4,5,2,1,2
"305",2,16,5,4,5,2,1,2
"306",2,16,5,4,5,2,1,2
"307",2,16,5,4,5,2,1,2
"308",2,16,5,4,5,2,1,2
"309",2,16,5,4,5,2,1,2
"310",2,16,5,4,5,2,1,2
"311",2,16,5,4,5,2,1,2
"312",2,16,5,4,5,2,1,2
"313",2,17,5,5,5,1,1,1
"314",2,17,5,5,5,1,1,1
"315",2,17,5,5,5,1,1,1
"316",2,17,5,5,5,1,1,1
"317",2,17,5,5,5,1,1,1
"318",2,17,5,5,5,1,1,1
"319",2,17,5,5,5,1,1,1
"320",2,17,5,5,5,1,1,1
"321",2,17,5,5,5,1,1,1
"322",2,18,4,3,4,1,1,2
"323",2,18,4,3,4,1,1,2
"324",2,18,4,3,4,1,1,2
"325",2,19,3,4,4,3,3,4
"326",2,19,3,4,4,3,3,4
"327",2,19,3,4,4,3,3,4
"328",2,19,3,4,4,3,3,4
"329",2,19,3,4,4,3,3,4
"330",2,19,3,4,4,3,3,4
"331",2,19,3,4,4,3,3,4
"332",2,20,4,4,4,3,1,3
"333",2,20,4,4,4,3,1,3
"334",2,20,4,4,4,3,1,3
"335",2,20,4,4,4,3,1,3
"336",2,20,4,4,4,3,1,3
"337",2,20,4,4,4,3,1,3
"338",2,20,4,4,4,3,1,3
"339",2,21,5,4,1,1,1,1
"340",2,21,5,4,1,1,1,1
"341",2,21,5,4,1,1,1,1
"342",2,21,5,4,1,1,1,1
"343",2,21,5,4,1,1,1,1
"344",2,21,5,4,1,1,1,1
"345",2,22,4,3,3,4,4,4
"346",2,22,4,3,3,4,4,4
"347",2,22,4,3,3,4,4,4
"348",2,22,4,3,3,4,4,4
"349",2,23,4,4,4,3,2,3
"350",2,23,4,4,4,3,2,3
"351",2,23,4,4,4,3,2,3
"352",2,23,4,4,4,3,2,3
"353",2,23,4,4,4,3,2,3
"354",2,23,4,4,4,3,2,3
"355",2,23,4,4,4,3,2,3
"356",2,23,4,4,4,3,2,3
"357",2,23,4,4,4,3,2,3
"358",2,24,4,3,4,1,1,1
"359",2,24,4,3,4,1,1,1
"360",2,24,4,3,4,1,1,1
"361",2,24,4,3,4,1,1,1
"362",2,24,4,3,4,1,1,1
"363",2,24,4,3,4,1,1,1
"364",2,24,4,3,4,1,1,1
"365",2,24,4,3,4,1,1,1
"366",2,25,5,4,5,3,1,2
"367",2,25,5,4,5,3,1,2
"368",2,25,5,4,5,3,1,2
"369",2,25,5,4,5,3,1,2
"370",2,25,5,4,5,3,1,2
"371",2,25,5,4,5,3,1,2
"372",2,25,5,4,5,3,1,2
"373",2,25,5,4,5,3,1,2
"374",2,25,5,4,5,3,1,2
"375",2,25,5,4,5,3,1,2
"376",3,26,3,3,3,3,2,3
"377",3,26,3,3,3,3,2,3
"378",3,26,3,3,3,3,2,3
"379",3,26,3,3,3,3,2,3
"380",3,26,3,3,3,3,2,3
"381",3,26,3,3,3,3,2,3
"382",3,26,3,3,3,3,2,3
"383",3,26,3,3,3,3,2,3
"384",3,26,3,3,3,3,2,3
"385",3,26,3,3,3,3,2,3
"386",3,26,3,3,3,3,2,3
"387",3,26,3,3,3,3,2,3
"388",3,26,3,3,3,3,2,3
"389",3,27,5,5,5,2,1,2
"390",3,27,5,5,5,2,1,2
"391",3,27,5,5,5,2,1,2
"392",3,27,5,5,5,2,1,2
"393",3,27,5,5,5,2,1,2
"394",3,27,5,5,5,2,1,2
"395",3,27,5,5,5,2,1,2
"396",3,27,5,5,5,2,1,2
"397",3,27,5,5,5,2,1,2
"398",3,27,5,5,5,2,1,2
"399",3,27,5,5,5,2,1,2
"400",3,27,5,5,5,2,1,2
"401",3,27,5,5,5,2,1,2
"402",3,27,5,5,5,2,1,2
"403",3,27,5,5,5,2,1,2
"404",3,28,3,3,3,3,2,3
"405",3,28,3,3,3,3,2,3
"406",3,28,3,3,3,3,2,3
"407",3,28,3,3,3,3,2,3
"408",3,28,3,3,3,3,2,3
"409",3,28,3,3,3,3,2,3
"410",3,28,3,3,3,3,2,3
"411",3,28,3,3,3,3,2,3
"412",3,28,3,3,3,3,2,3
"413",3,28,3,3,3,3,2,3
"414",3,28,3,3,3,3,2,3
"415",3,28,3,3,3,3,2,3
"416",3,28,3,3,3,3,2,3
"417",3,28,3,3,3,3,2,3
"418",3,28,3,3,3,3,2,3
"419",3,28,3,3,3,3,2,3
"420",3,28,3,3,3,3,2,3
"421",3,29,4,4,4,2,2,2
"422",3,29,4,4,4,2,2,2
"423",3,29,4,4,4,2,2,2
"424",3,29,4,4,4,2,2,2
"425",3,29,4,4,4,2,2,2
"426",3,29,4,4,4,2,2,2
"427",3,29,4,4,4,2,2,2
"428",3,29,4,4,4,2,2,2
"429",3,29,4,4,4,2,2,2
"430",3,29,4,4,4,2,2,2
"431",3,29,4,4,4,2,2,2
"432",3,29,4,4,4,2,2,2
"433",3,29,4,4,4,2,2,2
"434",3,29,4,4,4,2,2,2
"435",3,29,4,4,4,2,2,2
"436",3,29,4,4,4,2,2,2
"437",3,30,4,3,3,3,3,3
"438",3,30,4,3,3,3,3,3
"439",3,30,4,3,3,3,3,3
"440",3,30,4,3,3,3,3,3
"441",3,30,4,3,3,3,3,3
"442",3,30,4,3,3,3,3,3
"443",3,30,4,3,3,3,3,3
"444",3,30,4,3,3,3,3,3
"445",3,30,4,3,3,3,3,3
"446",3,30,4,3,3,3,3,3
"447",3,30,4,3,3,3,3,3
"448",3,30,4,3,3,3,3,3
"449",3,30,4,3,3,3,3,3
"450",3,30,4,3,3,3,3,3
"451",3,30,4,3,3,3,3,3
"452",3,30,4,3,3,3,3,3
"453",3,31,3,3,4,2,2,2
"454",3,31,3,3,4,2,2,2
"455",3,31,3,3,4,2,2,2
"456",3,31,3,3,4,2,2,2
"457",3,31,3,3,4,2,2,2
"458",3,31,3,3,4,2,2,2
"459",3,31,3,3,4,2,2,2
"460",3,31,3,3,4,2,2,2
"461",3,31,3,3,4,2,2,2
"462",3,31,3,3,4,2,2,2
"463",3,31,3,3,4,2,2,2
"464",3,31,3,3,4,2,2,2
"465",3,31,3,3,4,2,2,2
"466",3,31,3,3,4,2,2,2
"467",3,31,3,3,4,2,2,2
"468",3,32,5,5,5,1,1,1
"469",3,32,5,5,5,1,1,1
"470",3,32,5,5,5,1,1,1
"471",3,32,5,5,5,1,1,1
"472",3,32,5,5,5,1,1,1
"473",3,32,5,5,5,1,1,1
"474",3,32,5,5,5,1,1,1
"475",3,32,5,5,5,1,1,1
"476",3,32,5,5,5,1,1,1
"477",3,32,5,5,5,1,1,1
"478",3,32,5,5,5,1,1,1
"479",3,32,5,5,5,1,1,1
"480",3,32,5,5,5,1,1,1
"481",3,32,5,5,5,1,1,1
"482",3,33,5,5,5,2,2,2
"483",3,33,5,5,5,2,2,2
"484",3,33,5,5,5,2,2,2
"485",3,33,5,5,5,2,2,2
"486",3,33,5,5,5,2,2,2
"487",3,33,5,5,5,2,2,2
"488",3,33,5,5,5,2,2,2
"489",3,33,5,5,5,2,2,2
"490",3,33,5,5,5,2,2,2
"491",3,33,5,5,5,2,2,2
"492",3,33,5,5,5,2,2,2
"493",3,33,5,5,5,2,2,2
"494",3,33,5,5,5,2,2,2
"495",3,33,5,5,5,2,2,2
"496",3,33,5,5,5,2,2,2
"497",3,34,3,3,2,2,2,3
"498",3,34,3,3,2,2,2,3
"499",3,34,3,3,2,2,2,3
"500",3,34,3,3,2,2,2,3
"501",3,34,3,3,2,2,2,3
"502",3,34,3,3,2,2,2,3
"503",3,34,3,3,2,2,2,3
"504",3,34,3,3,2,2,2,3
"505",3,34,3,3,2,2,2,3
"506",3,34,3,3,2,2,2,3
"507",3,35,2,2,3,4,5,5
"508",3,35,2,2,3,4,5,5
"509",3,35,2,2,3,4,5,5
"510",3,35,2,2,3,4,5,5
"511",3,35,2,2,3,4,5,5
"512",3,35,2,2,3,4,5,5
"513",3,36,3,3,2,5,5,5
"514",3,36,3,3,2,5,5,5
"515",3,36,3,3,2,5,5,5
"516",3,36,3,3,2,5,5,5
"517",3,36,3,3,2,5,5,5
"518",3,37,2,2,2,5,5,5
"519",3,37,2,2,2,5,5,5
"520",3,37,2,2,2,5,5,5
"521",3,37,2,2,2,5,5,5
"522",3,37,2,2,2,5,5,5
"523",3,37,2,2,2,5,5,5
"524",3,37,2,2,2,5,5,5
"525",3,37,2,2,2,5,5,5
"526",3,37,2,2,2,5,5,5
"527",3,37,2,2,2,5,5,5
"528",3,37,2,2,2,5,5,5
"529",3,37,2,2,2,5,5,5
"530",3,38,5,5,4,1,5,3
"531",3,38,5,5,4,1,5,3
"532",3,38,5,5,4,1,5,3
"533",3,38,5,5,4,1,5,3
"534",3,38,5,5,4,1,5,3
"535",3,38,5,5,4,1,5,3
"536",3,38,5,5,4,1,5,3
"537",3,38,5,5,4,1,5,3
"538",3,38,5,5,4,1,5,3
"539",3,38,5,5,4,1,5,3
"540",3,38,5,5,4,1,5,3
"541",3,38,5,5,4,1,5,3
"542",3,38,5,5,4,1,5,3
"543",3,38,5,5,4,1,5,3
"544",3,38,5,5,4,1,5,3
"545",3,38,5,5,4,1,5,3
"546",3,39,3,2,3,2,3,3
"547",3,39,3,2,3,2,3,3
"548",3,39,3,2,3,2,3,3
"549",3,39,3,2,3,2,3,3
"550",3,39,3,2,3,2,3,3
"551",3,39,3,2,3,2,3,3
"552",3,39,3,2,3,2,3,3
"553",3,39,3,2,3,2,3,3
"554",3,39,3,2,3,2,3,3
"555",3,39,3,2,3,2,3,3
"556",3,39,3,2,3,2,3,3
"557",3,39,3,2,3,2,3,3
"558",3,39,3,2,3,2,3,3
"559",3,39,3,2,3,2,3,3
"560",3,39,3,2,3,2,3,3
"561",3,39,3,2,3,2,3,3
"562",3,39,3,2,3,2,3,3
"563",3,40,4,4,3,3,2,3
"564",3,40,4,4,3,3,2,3
"565",3,40,4,4,3,3,2,3
"566",3,40,4,4,3,3,2,3
"567",3,40,4,4,3,3,2,3
"568",3,40,4,4,3,3,2,3
"569",3,40,4,4,3,3,2,3
"570",3,41,2,2,2,5,4,4
"571",3,41,2,2,2,5,4,4
"572",3,41,2,2,2,5,4,4
"573",3,41,2,2,2,5,4,4
"574",3,41,2,2,2,5,4,4
"575",3,41,2,2,2,5,4,4
"576",3,41,2,2,2,5,4,4
"577",3,41,2,2,2,5,4,4
"578",3,41,2,2,2,5,4,4
"579",3,41,2,2,2,5,4,4
"580",3,41,2,2,2,5,4,4
"581",3,41,2,2,2,5,4,4
"582",3,41,2,2,2,5,4,4
"583",3,41,2,2,2,5,4,4
"584",3,41,2,2,2,5,4,4
"585",3,42,5,4,4,2,2,2
"586",3,42,5,4,4,2,2,2
"587",3,42,5,4,4,2,2,2
"588",3,42,5,4,4,2,2,2
"589",3,42,5,4,4,2,2,2
"590",3,42,5,4,4,2,2,2
"591",3,42,5,4,4,2,2,2
"592",3,42,5,4,4,2,2,2
"593",3,42,5,4,4,2,2,2
"594",3,42,5,4,4,2,2,2
"595",3,42,5,4,4,2,2,2
"596",3,42,5,4,4,2,2,2
"597",3,42,5,4,4,2,2,2
"598",3,42,5,4,4,2,2,2
"599",3,42,5,4,4,2,2,2
"600",3,42,5,4,4,2,2,2
"601",3,42,5,4,4,2,2,2
"602",3,42,5,4,4,2,2,2
"603",3,43,5,5,5,2,1,2
"604",3,43,5,5,5,2,1,2
"605",3,43,5,5,5,2,1,2
"606",3,43,5,5,5,2,1,2
"607",3,43,5,5,5,2,1,2
"608",3,43,5,5,5,2,1,2
"609",3,43,5,5,5,2,1,2
"610",3,43,5,5,5,2,1,2
"611",3,43,5,5,5,2,1,2
"612",3,43,5,5,5,2,1,2
"613",3,43,5,5,5,2,1,2
"614",3,43,5,5,5,2,1,2
"615",3,43,5,5,5,2,1,2
"616",3,43,5,5,5,2,1,2
"617",3,44,3,4,3,3,3,3
"618",3,44,3,4,3,3,3,3
"619",3,44,3,4,3,3,3,3
"620",3,44,3,4,3,3,3,3
"621",3,44,3,4,3,3,3,3
"622",3,44,3,4,3,3,3,3
"623",3,44,3,4,3,3,3,3
"624",3,44,3,4,3,3,3,3
"625",3,44,3,4,3,3,3,3
"626",3,44,3,4,3,3,3,3
"627",3,44,3,4,3,3,3,3
"628",3,44,3,4,3,3,3,3
"629",3,45,3,4,3,3,3,3
"630",3,45,3,4,3,3,3,3
"631",3,45,3,4,3,3,3,3
"632",3,45,3,4,3,3,3,3
"633",3,45,3,4,3,3,3,3
"634",3,45,3,4,3,3,3,3
"635",3,45,3,4,3,3,3,3
"636",3,45,3,4,3,3,3,3
"637",3,46,2,3,2,5,4,3
"638",3,46,2,3,2,5,4,3
"639",3,46,2,3,2,5,4,3
"640",3,46,2,3,2,5,4,3
"641",3,46,2,3,2,5,4,3
"642",3,46,2,3,2,5,4,3
"643",3,46,2,3,2,5,4,3
"644",3,46,2,3,2,5,4,3
"645",3,46,2,3,2,5,4,3
"646",3,46,2,3,2,5,4,3
"647",3,46,2,3,2,5,4,3
"648",3,46,2,3,2,5,4,3
"649",3,47,3,3,4,2,2,2
"650",3,47,3,3,4,2,2,2
"651",3,47,3,3,4,2,2,2
"652",3,47,3,3,4,2,2,2
"653",3,47,3,3,4,2,2,2
"654",3,47,3,3,4,2,2,2
"655",3,47,3,3,4,2,2,2
"656",3,47,3,3,4,2,2,2
"657",3,47,3,3,4,2,2,2
"658",3,47,3,3,4,2,2,2
"659",3,47,3,3,4,2,2,2
"660",3,47,3,3,4,2,2,2
"661",3,47,3,3,4,2,2,2
"662",3,47,3,3,4,2,2,2
"663",3,47,3,3,4,2,2,2
"664",3,48,3,3,3,3,3,4
"665",3,48,3,3,3,3,3,4
"666",3,48,3,3,3,3,3,4
"667",3,48,3,3,3,3,3,4
"668",3,48,3,3,3,3,3,4
"669",3,48,3,3,3,3,3,4
"670",3,48,3,3,3,3,3,4
"671",3,48,3,3,3,3,3,4
"672",3,48,3,3,3,3,3,4
"673",3,48,3,3,3,3,3,4
"674",3,49,3,3,3,2,2,2
"675",3,49,3,3,3,2,2,2
"676",3,49,3,3,3,2,2,2
"677",3,49,3,3,3,2,2,2
"678",3,49,3,3,3,2,2,2
"679",3,49,3,3,3,2,2,2
"680",3,49,3,3,3,2,2,2
"681",3,49,3,3,3,2,2,2
"682",3,49,3,3,3,2,2,2
"683",3,49,3,3,3,2,2,2
"684",3,49,3,3,3,2,2,2
"685",3,49,3,3,3,2,2,2
"686",3,49,3,3,3,2,2,2
"687",3,49,3,3,3,2,2,2
"688",3,49,3,3,3,2,2,2
"689",3,49,3,3,3,2,2,2
"690",3,49,3,3,3,2,2,2
"691",3,49,3,3,3,2,2,2
"692",3,49,3,3,3,2,2,2
"693",3,49,3,3,3,2,2,2
"694",3,49,3,3,3,2,2,2
"695",3,49,3,3,3,2,2,2
"696",3,49,3,3,3,2,2,2
"697",3,49,3,3,3,2,2,2
"698",3,49,3,3,3,2,2,2
"699",3,49,3,3,3,2,2,2
"700",3,49,3,3,3,2,2,2
"701",3,49,3,3,3,2,2,2
"702",3,49,3,3,3,2,2,2
"703",3,50,5,4,5,1,1,2
"704",3,50,5,4,5,1,1,2
"705",3,50,5,4,5,1,1,2
"706",3,50,5,4,5,1,1,2
"707",3,50,5,4,5,1,1,2
"708",3,50,5,4,5,1,1,2
"709",3,50,5,4,5,1,1,2
"710",3,50,5,4,5,1,1,2
"711",3,50,5,4,5,1,1,2
"712",3,50,5,4,5,1,1,2
"713",3,50,5,4,5,1,1,2
"714",3,50,5,4,5,1,1,2
"715",3,50,5,4,5,1,1,2
"716",3,51,3,3,3,2,3,3
"717",3,51,3,3,3,2,3,3
"718",3,51,3,3,3,2,3,3
"719",3,51,3,3,3,2,3,3
"720",3,51,3,3,3,2,3,3
"721",3,51,3,3,3,2,3,3
"722",3,51,3,3,3,2,3,3
"723",3,51,3,3,3,2,3,3
"724",3,51,3,3,3,2,3,3
"725",3,51,3,3,3,2,3,3
"726",3,51,3,3,3,2,3,3
"727",3,52,3,3,2,3,3,3
"728",3,52,3,3,2,3,3,3
"729",3,52,3,3,2,3,3,3
"730",3,52,3,3,2,3,3,3
"731",3,52,3,3,2,3,3,3
"732",3,52,3,3,2,3,3,3
"733",3,52,3,3,2,3,3,3
"734",3,52,3,3,2,3,3,3
"735",3,52,3,3,2,3,3,3
"736",3,52,3,3,2,3,3,3
"737",3,52,3,3,2,3,3,3
"738",3,52,3,3,2,3,3,3
"739",3,52,3,3,2,3,3,3
"740",3,52,3,3,2,3,3,3
"741",3,53,5,4,5,2,2,2
"742",3,53,5,4,5,2,2,2
"743",3,53,5,4,5,2,2,2
"744",3,53,5,4,5,2,2,2
"745",3,53,5,4,5,2,2,2
"746",3,53,5,4,5,2,2,2
"747",3,53,5,4,5,2,2,2
"748",3,53,5,4,5,2,2,2
"749",3,53,5,4,5,2,2,2
"750",3,53,5,4,5,2,2,2
"751",3,53,5,4,5,2,2,2
"752",3,53,5,4,5,2,2,2
"753",3,53,5,4,5,2,2,2
"754",3,53,5,4,5,2,2,2
"755",3,53,5,4,5,2,2,2
"756",3,53,5,4,5,2,2,2
"757",3,54,3,3,3,3,3,2
"758",3,54,3,3,3,3,3,2
"759",3,54,3,3,3,3,3,2
"760",3,54,3,3,3,3,3,2
"761",3,54,3,3,3,3,3,2
"762",3,54,3,3,3,3,3,2
"763",3,54,3,3,3,3,3,2
"764",3,54,3,3,3,3,3,2
"765",3,54,3,3,3,3,3,2
"766",3,54,3,3,3,3,3,2
"767",3,54,3,3,3,3,3,2
"768",3,54,3,3,3,3,3,2
"769",3,54,3,3,3,3,3,2
"770",3,54,3,3,3,3,3,2
"771",3,54,3,3,3,3,3,2
"772",3,54,3,3,3,3,3,2
"773",3,54,3,3,3,3,3,2
"774",4,55,4,4,4,3,3,3
"775",4,55,4,4,4,3,3,3
"776",4,55,4,4,4,3,3,3
"777",4,55,4,4,4,3,3,3
"778",4,56,4,3,4,2,2,2
"779",4,56,4,3,4,2,2,2
"780",4,56,4,3,4,2,2,2
"781",4,56,4,3,4,2,2,2
"782",4,56,4,3,4,2,2,2
"783",4,56,4,3,4,2,2,2
"784",5,57,5,5,5,2,2,2
"785",5,57,5,5,5,2,2,2
"786",5,57,5,5,5,2,2,2
"787",5,57,5,5,5,2,2,2
"788",5,57,5,5,5,2,2,2
"789",5,57,5,5,5,2,2,2
"790",5,57,5,5,5,2,2,2
"791",5,57,5,5,5,2,2,2
"792",4,58,4,3,4,3,3,3
"793",4,58,4,3,4,3,3,3
"794",4,58,4,3,4,3,3,3
"795",4,58,4,3,4,3,3,3
"796",4,58,4,3,4,3,3,3
"797",4,58,4,3,4,3,3,3
"798",4,59,5,5,5,1,1,1
"799",4,59,5,5,5,1,1,1
"800",4,59,5,5,5,1,1,1
"801",4,59,5,5,5,1,1,1
"802",4,59,5,5,5,1,1,1
"803",4,59,5,5,5,1,1,1
"804",4,60,4,4,4,3,3,3
"805",4,60,4,4,4,3,3,3
"806",4,60,4,4,4,3,3,3
"807",4,60,4,4,4,3,3,3
"808",4,60,4,4,4,3,3,3
"809",4,60,4,4,4,3,3,3
"810",4,60,4,4,4,3,3,3
"811",4,60,4,4,4,3,3,3
"812",4,60,4,4,4,3,3,3
"813",4,61,2,2,3,5,5,5
"814",4,61,2,2,3,5,5,5
"815",4,61,2,2,3,5,5,5
"816",4,61,2,2,3,5,5,5
"817",4,62,4,4,4,4,3,3
"818",4,62,4,4,4,4,3,3
"819",4,62,4,4,4,4,3,3
"820",4,62,4,4,4,4,3,3
"821",4,63,4,4,4,4,3,4
"822",4,63,4,4,4,4,3,4
"823",4,63,4,4,4,4,3,4
"824",4,63,4,4,4,4,3,4
"825",4,63,4,4,4,4,3,4
"826",4,64,4,4,4,3,3,3
"827",4,64,4,4,4,3,3,3
"828",4,64,4,4,4,3,3,3
"829",4,65,4,4,4,3,3,3
"830",4,65,4,4,4,3,3,3
"831",4,65,4,4,4,3,3,3
"832",4,65,4,4,4,3,3,3
"833",6,66,4,4,4,2,2,2
"834",6,66,4,4,4,2,2,2
"835",6,66,4,4,4,2,2,2
"836",6,66,4,4,4,2,2,2
"837",6,66,4,4,4,2,2,2
"838",6,66,4,4,4,2,2,2
"839",6,66,4,4,4,2,2,2
"840",6,66,4,4,4,2,2,2
"841",6,66,4,4,4,2,2,2
"842",4,67,3,3,3,3,3,3
"843",4,67,3,3,3,3,3,3
"844",4,67,3,3,3,3,3,3
"845",4,67,3,3,3,3,3,3
"846",4,67,3,3,3,3,3,3
"847",4,68,1,1,3,1,3,2
"848",4,68,1,1,3,1,3,2
"849",4,68,1,1,3,1,3,2
"850",4,69,5,5,5,1,1,1
"851",4,69,5,5,5,1,1,1
"852",4,69,5,5,5,1,1,1
"853",4,69,5,5,5,1,1,1
"854",4,69,5,5,5,1,1,1
"855",4,70,2,2,3,3,3,4
"856",4,70,2,2,3,3,3,4
"857",4,70,2,2,3,3,3,4
"858",4,70,2,2,3,3,3,4
"859",4,71,4,4,4,2,2,2
"860",4,71,4,4,4,2,2,2
"861",4,71,4,4,4,2,2,2
"862",4,71,4,4,4,2,2,2
"863",4,72,4,4,4,2,2,3
"864",4,72,4,4,4,2,2,3
"865",4,72,4,4,4,2,2,3
"866",4,72,4,4,4,2,2,3
"867",4,72,4,4,4,2,2,3
"868",4,73,3,3,3,3,3,3
"869",4,73,3,3,3,3,3,3
"870",4,73,3,3,3,3,3,3
"871",4,73,3,3,3,3,3,3
"872",4,73,3,3,3,3,3,3
"873",4,73,3,3,3,3,3,3
"874",4,74,2,2,4,3,3,3
"875",4,74,2,2,4,3,3,3
"876",4,74,2,2,4,3,3,3
"877",4,75,1,1,1,5,1,1
"878",4,75,1,1,1,5,1,1
"879",4,75,1,1,1,5,1,1
"880",4,75,1,1,1,5,1,1
"881",6,76,3,3,2,4,2,4
"882",6,76,3,3,2,4,2,4
"883",6,76,3,3,2,4,2,4
"884",6,76,3,3,2,4,2,4
"885",6,76,3,3,2,4,2,4
"886",5,77,3,2,3,4,3,4
"887",5,77,3,2,3,4,3,4
"888",5,77,3,2,3,4,3,4
"889",5,77,3,2,3,4,3,4
"890",5,77,3,2,3,4,3,4
"891",5,77,3,2,3,4,3,4
"892",5,77,3,2,3,4,3,4
"893",5,77,3,2,3,4,3,4
"894",5,77,3,2,3,4,3,4
"895",5,77,3,2,3,4,3,4
"896",5,77,3,2,3,4,3,4
"897",5,77,3,2,3,4,3,4
"898",5,77,3,2,3,4,3,4
"899",4,78,2,1,4,5,5,2
"900",4,78,2,1,4,5,5,2
"901",7,79,3,3,3,1,3,3
"902",7,79,3,3,3,1,3,3
"903",7,79,3,3,3,1,3,3
"904",7,79,3,3,3,1,3,3
"905",7,79,3,3,3,1,3,3
"906",7,79,3,3,3,1,3,3
"907",7,79,3,3,3,1,3,3
"908",7,79,3,3,3,1,3,3
"909",7,79,3,3,3,1,3,3
"910",7,79,3,3,3,1,3,3
"911",7,79,3,3,3,1,3,3
"912",8,79,4,4,4,2,2,3
"913",7,80,2,3,2,3,3,4
"914",7,80,2,3,2,3,3,4
"915",7,80,2,3,2,3,3,4
"916",7,80,2,3,2,3,3,4
"917",7,80,2,3,2,3,3,4
"918",7,80,2,3,2,3,3,4
"919",7,80,2,3,2,3,3,4
"920",8,80,1,1,2,3,3,3
"921",8,80,1,1,2,3,3,3
"922",8,80,1,1,2,3,3,3
"923",7,81,4,4,3,3,2,3
"924",7,81,4,4,3,3,2,3
"925",7,81,4,4,3,3,2,3
"926",7,81,4,4,3,3,2,3
"927",7,81,4,4,3,3,2,3
"928",7,81,4,4,3,3,2,3
"929",7,81,4,4,3,3,2,3
"930",7,81,4,4,3,3,2,3
"931",7,81,4,4,3,3,2,3
"932",7,81,4,4,3,3,2,3
"933",7,81,4,4,3,3,2,3
"934",8,81,2,4,4,4,2,2
"935",7,82,3,2,2,5,4,5
"936",7,82,3,2,2,5,4,5
"937",7,82,3,2,2,5,4,5
"938",7,82,3,2,2,5,4,5
"939",7,82,3,2,2,5,4,5
"940",7,82,3,2,2,5,4,5
"941",7,82,3,2,2,5,4,5
"942",7,82,3,2,2,5,4,5
"943",8,82,2,2,2,5,5,4
"944",8,82,2,2,2,5,5,4
"945",7,83,3,3,3,2,3,2
"946",7,83,3,3,3,2,3,2
"947",7,83,3,3,3,2,3,2
"948",7,83,3,3,3,2,3,2
"949",7,83,3,3,3,2,3,2
"950",7,83,3,3,3,2,3,2
"951",7,83,3,3,3,2,3,2
"952",7,83,3,3,3,2,3,2
"953",7,83,3,3,3,2,3,2
"954",7,83,3,3,3,2,3,2
"955",8,83,4,4,4,2,2,2
"956",7,84,4,4,4,1,2,2
"957",7,84,4,4,4,1,2,2
"958",7,84,4,4,4,1,2,2
"959",7,84,4,4,4,1,2,2
"960",7,84,4,4,4,1,2,2
"961",7,84,4,4,4,1,2,2
"962",7,84,4,4,4,1,2,2
"963",7,84,4,4,4,1,2,2
"964",7,84,4,4,4,1,2,2
"965",7,84,4,4,4,1,2,2
"966",8,84,4,4,4,2,2,2
"967",8,84,4,4,4,2,2,2
"968",7,85,2,3,3,4,3,3
"969",7,85,2,3,3,4,3,3
"970",7,85,2,3,3,4,3,3
"971",7,85,2,3,3,4,3,3
"972",7,85,2,3,3,4,3,3
"973",7,85,2,3,3,4,3,3
"974",7,85,2,3,3,4,3,3
"975",7,85,2,3,3,4,3,3
"976",8,85,3,2,3,2,3,3
"977",8,85,3,2,3,2,3,3
"978",7,86,3,3,3,2,2,2
"979",7,86,3,3,3,2,2,2
"980",7,86,3,3,3,2,2,2
"981",7,86,3,3,3,2,2,2
"982",7,86,3,3,3,2,2,2
"983",7,86,3,3,3,2,2,2
"984",7,86,3,3,3,2,2,2
"985",7,86,3,3,3,2,2,2
"986",7,86,3,3,3,2,2,2
"987",7,86,3,3,3,2,2,2
"988",7,86,3,3,3,2,2,2
"989",8,86,2,3,3,3,3,3
"990",7,87,3,3,3,4,3,4
"991",7,87,3,3,3,4,3,4
"992",7,87,3,3,3,4,3,4
"993",7,87,3,3,3,4,3,4
"994",7,87,3,3,3,4,3,4
"995",8,87,1,1,2,4,5,5
"996",7,88,4,4,4,2,2,2
"997",7,88,4,4,4,2,2,2
"998",7,88,4,4,4,2,2,2
"999",7,88,4,4,4,2,2,2
"1000",7,88,4,4,4,2,2,2
"1001",7,88,4,4,4,2,2,2
"1002",7,88,4,4,4,2,2,2
"1003",7,88,4,4,4,2,2,2
"1004",7,88,4,4,4,2,2,2
"1005",8,88,4,5,5,1,1,2
"1006",7,89,4,4,3,1,2,3
"1007",7,89,4,4,3,1,2,3
"1008",7,89,4,4,3,1,2,3
"1009",7,89,4,4,3,1,2,3
"1010",7,89,4,4,3,1,2,3
"1011",7,89,4,4,3,1,2,3
"1012",7,89,4,4,3,1,2,3
"1013",7,89,4,4,3,1,2,3
"1014",7,89,4,4,3,1,2,3
"1015",7,89,4,4,3,1,2,3
"1016",8,89,2,3,3,3,3,4
"1017",7,90,3,2,3,4,4,4
"1018",7,90,3,2,3,4,4,4
"1019",7,90,3,2,3,4,4,4
"1020",7,90,3,2,3,4,4,4
"1021",7,90,3,2,3,4,4,4
"1022",7,90,3,2,3,4,4,4
"1023",7,90,3,2,3,4,4,4
"1024",7,90,3,2,3,4,4,4
"1025",7,90,3,2,3,4,4,4
"1026",7,90,3,2,3,4,4,4
"1027",8,90,4,4,3,3,2,4
"1028",7,91,3,3,3,3,2,2
"1029",7,91,3,3,3,3,2,2
"1030",7,91,3,3,3,3,2,2
"1031",7,91,3,3,3,3,2,2
"1032",7,91,3,3,3,3,2,2
"1033",7,91,3,3,3,3,2,2
"1034",7,91,3,3,3,3,2,2
"1035",7,91,3,3,3,3,2,2
"1036",7,91,3,3,3,3,2,2
"1037",7,91,3,3,3,3,2,2
"1038",7,91,3,3,3,3,2,2
"1039",7,91,3,3,3,3,2,2
"1040",7,91,3,3,3,3,2,2
"1041",8,91,2,2,3,3,3,3
"1042",7,92,2,3,3,3,3,4
"1043",7,92,2,3,3,3,3,4
"1044",7,92,2,3,3,3,3,4
"1045",7,92,2,3,3,3,3,4
"1046",7,92,2,3,3,3,3,4
"1047",7,92,2,3,3,3,3,4
"1048",7,92,2,3,3,3,3,4
"1049",7,92,2,3,3,3,3,4
"1050",7,92,2,3,3,3,3,4
"1051",7,92,2,3,3,3,3,4
"1052",8,92,2,2,2,2,5,5
"1053",8,92,2,2,2,2,5,5
"1054",7,93,4,3,4,3,2,3
"1055",7,93,4,3,4,3,2,3
"1056",7,93,4,3,4,3,2,3
"1057",7,93,4,3,4,3,2,3
"1058",7,93,4,3,4,3,2,3
"1059",7,93,4,3,4,3,2,3
"1060",7,93,4,3,4,3,2,3
"1061",7,93,4,3,4,3,2,3
"1062",8,93,2,3,3,4,3,3
"1063",8,93,2,3,3,4,3,3
"1064",8,94,5,5,5,1,1,2
"1065",8,95,3,3,3,3,3,3
"1066",7,96,3,3,3,2,3,3
"1067",7,96,3,3,3,2,3,3
"1068",7,96,3,3,3,2,3,3
"1069",7,96,3,3,3,2,3,3
"1070",7,96,3,3,3,2,3,3
"1071",7,96,3,3,3,2,3,3
"1072",7,96,3,3,3,2,3,3
"1073",7,96,3,3,3,2,3,3
"1074",7,96,3,3,3,2,3,3
"1075",7,96,3,3,3,2,3,3
"1076",7,96,3,3,3,2,3,3
"1077",8,96,2,2,2,3,4,2
"1078",7,97,3,3,3,3,3,4
"1079",7,97,3,3,3,3,3,4
"1080",7,97,3,3,3,3,3,4
"1081",7,97,3,3,3,3,3,4
"1082",7,97,3,3,3,3,3,4
"1083",7,97,3,3,3,3,3,4
"1084",7,97,3,3,3,3,3,4
"1085",7,97,3,3,3,3,3,4
"1086",7,97,3,3,3,3,3,4
"1087",8,97,3,3,3,2,2,2
"1088",8,97,3,3,3,2,2,2
"1089",7,98,4,4,4,3,2,3
"1090",7,98,4,4,4,3,2,3
"1091",7,98,4,4,4,3,2,3
"1092",7,98,4,4,4,3,2,3
"1093",7,98,4,4,4,3,2,3
"1094",7,98,4,4,4,3,2,3
"1095",7,98,4,4,4,3,2,3
"1096",7,98,4,4,4,3,2,3
"1097",7,98,4,4,4,3,2,3
"1098",7,98,4,4,4,3,2,3
"1099",7,98,4,4,4,3,2,3
"1100",7,98,4,4,4,3,2,3
"1101",8,98,4,4,4,2,2,2
"1102",7,99,3,3,3,1,2,2
"1103",7,99,3,3,3,1,2,2
"1104",7,99,3,3,3,1,2,2
"1105",7,99,3,3,3,1,2,2
"1106",7,99,3,3,3,1,2,2
"1107",7,99,3,3,3,1,2,2
"1108",7,99,3,3,3,1,2,2
"1109",7,99,3,3,3,1,2,2
"1110",7,99,3,3,3,1,2,2
"1111",7,99,3,3,3,1,2,2
"1112",8,99,2,2,2,3,2,2
"1113",7,100,4,4,4,1,2,2
"1114",7,100,4,4,4,1,2,2
"1115",8,100,3,3,4,2,3,2
"1116",8,100,3,3,4,2,3,2
"1117",8,100,3,3,4,2,3,2
"1118",8,100,3,3,4,2,3,2
"1119",8,100,3,3,4,2,3,2
"1120",8,100,3,3,4,2,3,2
"1121",8,100,3,3,4,2,3,2
"1122",8,100,3,3,4,2,3,2
"1123",8,100,3,3,4,2,3,2
"1124",8,100,3,3,4,2,3,2
"1125",8,100,3,3,4,2,3,2
"1126",8,100,3,3,4,2,3,2
"1127",8,100,3,3,4,2,3,2
"1128",8,100,3,3,4,2,3,2
"1129",7,101,3,2,4,2,2,2
"1130",7,101,3,2,4,2,2,2
"1131",8,101,4,1,3,4,3,4
"1132",8,101,4,1,3,4,3,4
"1133",8,101,4,1,3,4,3,4
"1134",8,101,4,1,3,4,3,4
"1135",8,101,4,1,3,4,3,4
"1136",8,101,4,1,3,4,3,4
"1137",8,101,4,1,3,4,3,4
"1138",8,101,4,1,3,4,3,4
"1139",8,101,4,1,3,4,3,4
"1140",8,101,4,1,3,4,3,4
"1141",8,101,4,1,3,4,3,4
"1142",8,101,4,1,3,4,3,4
"1143",8,102,3,3,3,3,3,4
"1144",8,102,3,3,3,3,3,4
"1145",8,102,3,3,3,3,3,4
"1146",8,102,3,3,3,3,3,4
"1147",8,102,3,3,3,3,3,4
"1148",8,102,3,3,3,3,3,4
"1149",8,102,3,3,3,3,3,4
"1150",8,102,3,3,3,3,3,4
"1151",8,102,3,3,3,3,3,4
"1152",8,102,3,3,3,3,3,4
"1153",8,102,3,3,3,3,3,4
"1154",8,102,3,3,3,3,3,4
"1155",8,102,3,3,3,3,3,4
"1156",8,102,3,3,3,3,3,4
"1157",7,103,4,4,4,2,2,2
"1158",7,103,4,4,4,2,2,2
"1159",8,103,3,3,2,3,3,2
"1160",8,103,3,3,2,3,3,2
"1161",8,103,3,3,2,3,3,2
"1162",8,103,3,3,2,3,3,2
"1163",8,103,3,3,2,3,3,2
"1164",8,103,3,3,2,3,3,2
"1165",8,103,3,3,2,3,3,2
"1166",7,104,4,5,5,1,1,1
"1167",7,104,4,5,5,1,1,1
"1168",8,104,4,4,4,1,1,1
"1169",8,104,4,4,4,1,1,1
"1170",8,104,4,4,4,1,1,1
"1171",8,104,4,4,4,1,1,1
"1172",8,104,4,4,4,1,1,1
"1173",8,104,4,4,4,1,1,1
"1174",8,104,4,4,4,1,1,1
"1175",8,104,4,4,4,1,1,1
"1176",8,104,4,4,4,1,1,1
"1177",8,104,4,4,4,1,1,1
"1178",8,104,4,4,4,1,1,1
"1179",7,105,5,5,5,1,1,1
"1180",7,105,5,5,5,1,1,1
"1181",7,105,5,5,5,1,1,1
"1182",8,105,5,4,5,1,1,1
"1183",8,105,5,4,5,1,1,1
"1184",8,105,5,4,5,1,1,1
"1185",8,105,5,4,5,1,1,1
"1186",8,105,5,4,5,1,1,1
"1187",8,105,5,4,5,1,1,1
"1188",8,105,5,4,5,1,1,1
"1189",8,105,5,4,5,1,1,1
"1190",8,105,5,4,5,1,1,1
"1191",8,105,5,4,5,1,1,1
"1192",8,105,5,4,5,1,1,1
"1193",7,106,4,4,4,2,2,2
"1194",7,106,4,4,4,2,2,2
"1195",7,106,4,4,4,2,2,2
"1196",8,106,5,4,4,2,2,3
"1197",8,106,5,4,4,2,2,3
"1198",8,106,5,4,4,2,2,3
"1199",8,106,5,4,4,2,2,3
"1200",8,106,5,4,4,2,2,3
"1201",8,106,5,4,4,2,2,3
"1202",8,106,5,4,4,2,2,3
"1203",8,106,5,4,4,2,2,3
"1204",8,106,5,4,4,2,2,3
"1205",8,106,5,4,4,2,2,3
"1206",8,106,5,4,4,2,2,3
"1207",8,106,5,4,4,2,2,3
"1208",7,107,3,3,4,3,3,3
"1209",7,107,3,3,4,3,3,3
"1210",8,107,3,3,2,4,3,4
"1211",8,107,3,3,2,4,3,4
"1212",8,107,3,3,2,4,3,4
"1213",8,107,3,3,2,4,3,4
"1214",8,107,3,3,2,4,3,4
"1215",8,107,3,3,2,4,3,4
"1216",8,107,3,3,2,4,3,4
"1217",8,107,3,3,2,4,3,4
"1218",8,107,3,3,2,4,3,4
"1219",8,107,3,3,2,4,3,4
"1220",8,107,3,3,2,4,3,4
"1221",8,107,3,3,2,4,3,4
"1222",8,108,3,4,4,1,1,2
"1223",8,108,3,4,4,1,1,2
"1224",8,108,3,4,4,1,1,2
"1225",8,108,3,4,4,1,1,2
"1226",8,108,3,4,4,1,1,2
"1227",8,108,3,4,4,1,1,2
"1228",8,108,3,4,4,1,1,2
"1229",8,108,3,4,4,1,1,2
"1230",8,108,3,4,4,1,1,2
"1231",8,108,3,4,4,1,1,2
"1232",8,108,3,4,4,1,1,2
"1233",8,108,3,4,4,1,1,2
"1234",8,108,3,4,4,1,1,2
"1235",7,109,5,2,4,2,2,3
"1236",7,109,5,2,4,2,2,3
"1237",7,109,5,2,4,2,2,3
"1238",7,109,5,2,4,2,2,3
"1239",7,109,5,2,4,2,2,3
"1240",7,109,5,2,4,2,2,3
"1241",7,109,5,2,4,2,2,3
"1242",8,109,2,2,2,4,3,4
"1243",8,109,2,2,2,4,3,4
"1244",8,109,2,2,2,4,3,4
"1245",8,109,2,2,2,4,3,4
"1246",8,109,2,2,2,4,3,4
"1247",8,109,2,2,2,4,3,4
"1248",8,109,2,2,2,4,3,4
"1249",8,109,2,2,2,4,3,4
"1250",8,109,2,2,2,4,3,4
"1251",8,109,2,2,2,4,3,4
"1252",8,109,2,2,2,4,3,4
"1253",8,109,2,2,2,4,3,4
"1254",8,109,2,2,2,4,3,4
"1255",8,109,2,2,2,4,3,4
"1256",8,109,2,2,2,4,3,4
"1257",8,109,2,2,2,4,3,4
"1258",8,109,2,2,2,4,3,4
"1259",8,109,2,2,2,4,3,4
"1260",8,109,2,2,2,4,3,4
"1261",7,110,5,5,5,4,3,2
"1262",7,110,5,5,5,4,3,2
"1263",8,110,3,4,4,1,1,1
"1264",8,110,3,4,4,1,1,1
"1265",8,110,3,4,4,1,1,1
"1266",8,110,3,4,4,1,1,1
"1267",8,110,3,4,4,1,1,1
"1268",8,110,3,4,4,1,1,1
"1269",8,110,3,4,4,1,1,1
"1270",8,110,3,4,4,1,1,1
"1271",8,110,3,4,4,1,1,1
"1272",8,110,3,4,4,1,1,1
"1273",8,111,3,3,3,2,2,2
"1274",8,111,3,3,3,2,2,2
"1275",8,111,3,3,3,2,2,2
"1276",8,111,3,3,3,2,2,2
"1277",8,111,3,3,3,2,2,2
"1278",8,111,3,3,3,2,2,2
"1279",8,111,3,3,3,2,2,2
"1280",8,111,3,3,3,2,2,2
"1281",8,111,3,3,3,2,2,2
"1282",8,111,3,3,3,2,2,2
"1283",7,112,2,2,2,5,5,5
"1284",8,112,2,2,2,5,5,5
"1285",8,112,2,2,2,5,5,5
"1286",8,112,2,2,2,5,5,5
"1287",8,112,2,2,2,5,5,5
"1288",8,112,2,2,2,5,5,5
"1289",8,112,2,2,2,5,5,5
"1290",8,112,2,2,2,5,5,5
"1291",8,112,2,2,2,5,5,5
"1292",8,112,2,2,2,5,5,5
"1293",7,113,4,5,4,1,1,1
"1294",7,113,4,5,4,1,1,1
"1295",8,113,4,4,4,1,2,2
"1296",8,113,4,4,4,1,2,2
"1297",8,113,4,4,4,1,2,2
"1298",8,113,4,4,4,1,2,2
"1299",8,113,4,4,4,1,2,2
"1300",8,113,4,4,4,1,2,2
"1301",8,113,4,4,4,1,2,2
"1302",8,113,4,4,4,1,2,2
"1303",8,113,4,4,4,1,2,2
"1304",8,113,4,4,4,1,2,2
"1305",8,113,4,4,4,1,2,2
"1306",7,114,5,5,5,1,1,1
"1307",7,114,5,5,5,1,1,1
"1308",7,114,5,5,5,1,1,1
"1309",8,114,5,5,5,1,1,1
"1310",8,114,5,5,5,1,1,1
"1311",8,114,5,5,5,1,1,1
"1312",8,114,5,5,5,1,1,1
"1313",8,114,5,5,5,1,1,1
"1314",8,114,5,5,5,1,1,1
"1315",8,114,5,5,5,1,1,1
"1316",8,114,5,5,5,1,1,1
"1317",8,114,5,5,5,1,1,1
"1318",8,114,5,5,5,1,1,1
"1319",7,115,4,4,4,2,2,3
"1320",8,115,2,2,2,3,3,3
"1321",8,115,2,2,2,3,3,3
"1322",8,115,2,2,2,3,3,3
"1323",8,115,2,2,2,3,3,3
"1324",8,115,2,2,2,3,3,3
"1325",8,115,2,2,2,3,3,3
"1326",8,115,2,2,2,3,3,3
"1327",8,115,2,2,2,3,3,3
"1328",8,115,2,2,2,3,3,3
"1329",8,115,2,2,2,3,3,3
"1330",8,115,2,2,2,3,3,3
"1331",8,115,2,2,2,3,3,3
"1332",8,115,2,2,2,3,3,3
"1333",8,116,2,2,2,3,3,4
"1334",8,116,2,2,2,3,3,4
"1335",8,116,2,2,2,3,3,4
"1336",8,116,2,2,2,3,3,4
"1337",8,116,2,2,2,3,3,4
"1338",8,116,2,2,2,3,3,4
"1339",8,116,2,2,2,3,3,4
"1340",8,116,2,2,2,3,3,4
"1341",8,116,2,2,2,3,3,4
"1342",8,116,2,2,2,3,3,4
"1343",8,116,2,2,2,3,3,4
"1344",8,116,2,2,2,3,3,4
"1345",8,116,2,2,2,3,3,4
"1346",7,117,2,2,3,4,3,3
"1347",7,117,2,2,3,4,3,3
"1348",7,117,2,2,3,4,3,3
"1349",7,117,2,2,3,4,3,3
"1350",8,117,3,3,3,3,3,3
"1351",8,117,3,3,3,3,3,3
"1352",8,117,3,3,3,3,3,3
"1353",8,117,3,3,3,3,3,3
"1354",8,117,3,3,3,3,3,3
"1355",8,117,3,3,3,3,3,3
"1356",8,117,3,3,3,3,3,3
"1357",8,117,3,3,3,3,3,3
"1358",8,117,3,3,3,3,3,3
"1359",8,117,3,3,3,3,3,3
"1360",7,118,5,4,5,1,1,1
"1361",7,118,5,4,5,1,1,1
"1362",7,118,5,4,5,1,1,1
"1363",8,118,3,4,4,2,2,2
"1364",8,118,3,4,4,2,2,2
"1365",8,118,3,4,4,2,2,2
"1366",8,118,3,4,4,2,2,2
"1367",8,118,3,4,4,2,2,2
"1368",8,118,3,4,4,2,2,2
"1369",8,118,3,4,4,2,2,2
"1370",8,118,3,4,4,2,2,2
"1371",8,118,3,4,4,2,2,2
"1372",8,118,3,4,4,2,2,2
"1373",7,119,2,2,4,4,3,3
"1374",7,119,2,2,4,4,3,3
"1375",8,119,2,2,2,3,3,3
"1376",8,119,2,2,2,3,3,3
"1377",8,119,2,2,2,3,3,3
"1378",8,119,2,2,2,3,3,3
"1379",8,119,2,2,2,3,3,3
"1380",8,119,2,2,2,3,3,3
"1381",8,119,2,2,2,3,3,3
"1382",8,119,2,2,2,3,3,3
"1383",8,120,3,3,3,2,2,2
"1384",8,120,3,3,3,2,2,2
"1385",8,120,3,3,3,2,2,2
"1386",8,120,3,3,3,2,2,2
"1387",8,120,3,3,3,2,2,2
"1388",8,120,3,3,3,2,2,2
"1389",8,120,3,3,3,2,2,2
"1390",8,120,3,3,3,2,2,2
"1391",8,120,3,3,3,2,2,2
"1392",8,120,3,3,3,2,2,2
"1393",8,120,3,3,3,2,2,2
"1394",8,120,3,3,3,2,2,2
"1395",8,120,3,3,3,2,2,2
"1396",7,121,2,2,2,5,5,5
"1397",7,121,2,2,2,5,5,5
"1398",8,121,2,2,2,5,3,5
"1399",8,121,2,2,2,5,3,5
"1400",8,121,2,2,2,5,3,5
"1401",8,121,2,2,2,5,3,5
"1402",8,121,2,2,2,5,3,5
"1403",8,121,2,2,2,5,3,5
"1404",8,121,2,2,2,5,3,5
"1405",8,121,2,2,2,5,3,5
"1406",8,121,2,2,2,5,3,5
"1407",8,121,2,2,2,5,3,5
"1408",7,122,3,2,3,3,2,3
"1409",7,122,3,2,3,3,2,3
"1410",8,122,4,3,3,3,3,3
"1411",8,122,4,3,3,3,3,3
"1412",8,122,4,3,3,3,3,3
"1413",8,122,4,3,3,3,3,3
"1414",8,122,4,3,3,3,3,3
"1415",8,122,4,3,3,3,3,3
"1416",8,122,4,3,3,3,3,3
"1417",8,122,4,3,3,3,3,3
"1418",8,122,4,3,3,3,3,3
"1419",8,122,4,3,3,3,3,3
"1420",8,122,4,3,3,3,3,3
"1421",7,123,4,5,5,1,1,1
"1422",7,123,4,5,5,1,1,1
"1423",7,123,4,5,5,1,1,1
"1424",8,123,4,4,4,2,2,2
"1425",8,123,4,4,4,2,2,2
"1426",8,123,4,4,4,2,2,2
"1427",8,123,4,4,4,2,2,2
"1428",8,123,4,4,4,2,2,2
"1429",8,123,4,4,4,2,2,2
"1430",8,123,4,4,4,2,2,2
"1431",8,123,4,4,4,2,2,2
"1432",8,123,4,4,4,2,2,2
"1433",8,123,4,4,4,2,2,2
"1434",8,123,4,4,4,2,2,2
"1435",7,124,5,4,4,1,1,2
"1436",7,124,5,4,4,1,1,2
"1437",7,124,5,4,4,1,1,2
"1438",7,124,5,4,4,1,1,2
"1439",8,124,3,3,3,2,2,2
"1440",8,124,3,3,3,2,2,2
"1441",8,124,3,3,3,2,2,2
"1442",8,124,3,3,3,2,2,2
"1443",8,124,3,3,3,2,2,2
"1444",8,124,3,3,3,2,2,2
"1445",8,124,3,3,3,2,2,2
"1446",8,124,3,3,3,2,2,2
"1447",8,124,3,3,3,2,2,2
"1448",8,124,3,3,3,2,2,2
"1449",7,125,2,4,4,1,1,1
"1450",7,125,2,4,4,1,1,1
"1451",8,125,4,4,4,2,2,2
"1452",8,125,4,4,4,2,2,2
"1453",8,125,4,4,4,2,2,2
"1454",8,125,4,4,4,2,2,2
"1455",8,125,4,4,4,2,2,2
"1456",8,125,4,4,4,2,2,2
"1457",8,125,4,4,4,2,2,2
"1458",8,125,4,4,4,2,2,2
"1459",8,125,4,4,4,2,2,2
"1460",8,125,4,4,4,2,2,2
"1461",8,125,4,4,4,2,2,2
"1462",8,126,2,2,3,3,3,3
"1463",8,126,2,2,3,3,3,3
"1464",8,126,2,2,3,3,3,3
"1465",8,126,2,2,3,3,3,3
"1466",8,126,2,2,3,3,3,3
"1467",8,126,2,2,3,3,3,3
"1468",8,126,2,2,3,3,3,3
"1469",8,126,2,2,3,3,3,3
"1470",9,127,3,3,2,3,3,3
"1471",9,127,3,3,2,3,3,3
"1472",9,127,3,3,2,3,3,3
"1473",9,127,3,3,2,3,3,3
"1474",9,127,3,3,2,3,3,3
"1475",9,127,3,3,2,3,3,3
"1476",9,127,3,3,2,3,3,3
"1477",9,127,3,3,2,3,3,3
"1478",9,127,3,3,2,3,3,3
"1479",9,127,3,3,2,3,3,3
"1480",9,127,3,3,2,3,3,3
"1481",9,128,2,1,2,5,3,5
"1482",9,128,2,1,2,5,3,5
"1483",9,128,2,1,2,5,3,5
"1484",9,128,2,1,2,5,3,5
"1485",9,128,2,1,2,5,3,5
"1486",9,128,2,1,2,5,3,5
"1487",9,128,2,1,2,5,3,5
"1488",9,128,2,1,2,5,3,5
"1489",9,129,5,5,3,4,1,2
"1490",9,129,5,5,3,4,1,2
"1491",9,129,5,5,3,4,1,2
"1492",9,129,5,5,3,4,1,2
"1493",9,129,5,5,3,4,1,2
"1494",9,129,5,5,3,4,1,2
"1495",9,129,5,5,3,4,1,2
"1496",9,129,5,5,3,4,1,2
"1497",9,129,5,5,3,4,1,2
"1498",9,129,5,5,3,4,1,2
"1499",9,130,5,5,5,3,1,1
"1500",9,130,5,5,5,3,1,1
"1501",9,130,5,5,5,3,1,1
"1502",9,130,5,5,5,3,1,1
"1503",9,130,5,5,5,3,1,1
"1504",9,130,5,5,5,3,1,1
"1505",9,130,5,5,5,3,1,1
"1506",9,130,5,5,5,3,1,1
"1507",9,130,5,5,5,3,1,1
"1508",9,130,5,5,5,3,1,1
"1509",9,130,5,5,5,3,1,1
"1510",9,130,5,5,5,3,1,1
"1511",9,130,5,5,5,3,1,1
"1512",9,131,5,5,5,1,1,1
"1513",9,131,5,5,5,1,1,1
"1514",9,131,5,5,5,1,1,1
"1515",9,131,5,5,5,1,1,1
"1516",9,131,5,5,5,1,1,1
"1517",9,131,5,5,5,1,1,1
"1518",9,131,5,5,5,1,1,1
"1519",9,131,5,5,5,1,1,1
"1520",9,131,5,5,5,1,1,1
"1521",9,131,5,5,5,1,1,1
"1522",9,131,5,5,5,1,1,1
"1523",9,131,5,5,5,1,1,1
"1524",9,131,5,5,5,1,1,1
"1525",9,131,5,5,5,1,1,1
"1526",9,131,5,5,5,1,1,1
"1527",9,132,5,5,5,1,1,2
"1528",9,132,5,5,5,1,1,2
"1529",9,132,5,5,5,1,1,2
"1530",9,132,5,5,5,1,1,2
"1531",9,132,5,5,5,1,1,2
"1532",9,132,5,5,5,1,1,2
"1533",9,132,5,5,5,1,1,2
"1534",9,132,5,5,5,1,1,2
"1535",9,132,5,5,5,1,1,2
"1536",9,132,5,5,5,1,1,2
"1537",9,132,5,5,5,1,1,2
"1538",9,133,3,2,1,2,4,4
"1539",9,133,3,2,1,2,4,4
"1540",9,133,3,2,1,2,4,4
"1541",9,133,3,2,1,2,4,4
"1542",9,133,3,2,1,2,4,4
"1543",9,133,3,2,1,2,4,4
"1544",9,133,3,2,1,2,4,4
"1545",9,133,3,2,1,2,4,4
"1546",9,133,3,2,1,2,4,4
"1547",9,133,3,2,1,2,4,4
"1548",9,133,3,2,1,2,4,4
"1549",9,133,3,2,1,2,4,4
"1550",9,134,5,5,5,1,1,1
"1551",9,134,5,5,5,1,1,1
"1552",9,134,5,5,5,1,1,1
"1553",9,134,5,5,5,1,1,1
"1554",9,134,5,5,5,1,1,1
"1555",9,134,5,5,5,1,1,1
"1556",9,134,5,5,5,1,1,1
"1557",9,134,5,5,5,1,1,1
"1558",9,134,5,5,5,1,1,1
"1559",9,134,5,5,5,1,1,1
"1560",9,134,5,5,5,1,1,1
"1561",9,134,5,5,5,1,1,1
"1562",9,135,4,4,4,3,3,3
"1563",9,135,4,4,4,3,3,3
"1564",9,135,4,4,4,3,3,3
"1565",9,135,4,4,4,3,3,3
"1566",9,135,4,4,4,3,3,3
"1567",9,135,4,4,4,3,3,3
"1568",9,135,4,4,4,3,3,3
"1569",9,135,4,4,4,3,3,3
"1570",9,135,4,4,4,3,3,3
"1571",9,135,4,4,4,3,3,3
"1572",9,135,4,4,4,3,3,3
"1573",9,136,5,4,4,1,3,1
"1574",9,136,5,4,4,1,3,1
"1575",9,136,5,4,4,1,3,1
"1576",9,136,5,4,4,1,3,1
"1577",9,136,5,4,4,1,3,1
"1578",9,136,5,4,4,1,3,1
"1579",9,136,5,4,4,1,3,1
"1580",9,136,5,4,4,1,3,1
"1581",9,136,5,4,4,1,3,1
"1582",9,136,5,4,4,1,3,1
"1583",9,136,5,4,4,1,3,1
"1584",9,136,5,4,4,1,3,1
"1585",9,136,5,4,4,1,3,1
"1586",9,137,3,4,4,2,1,3
"1587",9,137,3,4,4,2,1,3
"1588",9,137,3,4,4,2,1,3
"1589",9,137,3,4,4,2,1,3
"1590",9,137,3,4,4,2,1,3
"1591",9,137,3,4,4,2,1,3
"1592",9,137,3,4,4,2,1,3
"1593",9,137,3,4,4,2,1,3
"1594",9,137,3,4,4,2,1,3
"1595",9,137,3,4,4,2,1,3
"1596",9,137,3,4,4,2,1,3
"1597",9,137,3,4,4,2,1,3
"1598",9,137,3,4,4,2,1,3
"1599",9,137,3,4,4,2,1,3
"1600",9,137,3,4,4,2,1,3
"1601",9,138,1,5,1,5,5,5
"1602",9,138,1,5,1,5,5,5
"1603",9,138,1,5,1,5,5,5
"1604",9,138,1,5,1,5,5,5
"1605",9,138,1,5,1,5,5,5
"1606",9,138,1,5,1,5,5,5
"1607",9,138,1,5,1,5,5,5
"1608",9,138,1,5,1,5,5,5
"1609",9,138,1,5,1,5,5,5
"1610",10,139,5,5,5,1,1,1
"1611",10,139,5,5,5,1,1,1
"1612",10,139,5,5,5,1,1,1
"1613",10,139,5,5,5,1,1,1
"1614",10,139,5,5,5,1,1,1
"1615",10,139,5,5,5,1,1,1
"1616",10,139,5,5,5,1,1,1
"1617",11,139,5,4,5,1,4,2
"1618",11,139,5,4,5,1,4,2
"1619",10,140,3,2,4,4,4,3
"1620",10,140,3,2,4,4,4,3
"1621",10,140,3,2,4,4,4,3
"1622",10,140,3,2,4,4,4,3
"1623",10,140,3,2,4,4,4,3
"1624",10,140,3,2,4,4,4,3
"1625",10,140,3,2,4,4,4,3
"1626",10,140,3,2,4,4,4,3
"1627",10,140,3,2,4,4,4,3
"1628",10,140,3,2,4,4,4,3
"1629",10,140,3,2,4,4,4,3
"1630",11,140,3,3,3,2,3,2
"1631",11,140,3,3,3,2,3,2
"1632",10,141,5,5,5,1,1,1
"1633",10,141,5,5,5,1,1,1
"1634",10,141,5,5,5,1,1,1
"1635",10,141,5,5,5,1,1,1
"1636",10,141,5,5,5,1,1,1
"1637",10,141,5,5,5,1,1,1
"1638",10,141,5,5,5,1,1,1
"1639",10,141,5,5,5,1,1,1
"1640",10,141,5,5,5,1,1,1
"1641",10,141,5,5,5,1,1,1
"1642",11,141,5,5,5,1,1,1
"1643",11,141,5,5,5,1,1,1
"1644",11,141,5,5,5,1,1,1
"1645",11,141,5,5,5,1,1,1
"1646",10,142,4,4,4,2,2,2
"1647",10,142,4,4,4,2,2,2
"1648",10,142,4,4,4,2,2,2
"1649",10,142,4,4,4,2,2,2
"1650",10,142,4,4,4,2,2,2
"1651",10,142,4,4,4,2,2,2
"1652",10,142,4,4,4,2,2,2
"1653",10,142,4,4,4,2,2,2
"1654",10,142,4,4,4,2,2,2
"1655",10,142,4,4,4,2,2,2
"1656",11,142,5,5,5,1,1,1
"1657",11,142,5,5,5,1,1,1
"1658",11,142,5,5,5,1,1,1
"1659",11,142,5,5,5,1,1,1
"1660",10,143,4,3,4,3,2,2
"1661",10,143,4,3,4,3,2,2
"1662",10,143,4,3,4,3,2,2
"1663",10,143,4,3,4,3,2,2
"1664",10,143,4,3,4,3,2,2
"1665",10,143,4,3,4,3,2,2
"1666",10,143,4,3,4,3,2,2
"1667",10,143,4,3,4,3,2,2
"1668",10,143,4,3,4,3,2,2
"1669",10,143,4,3,4,3,2,2
"1670",10,143,4,3,4,3,2,2
"1671",10,143,4,3,4,3,2,2
"1672",11,143,4,4,5,1,2,1
"1673",11,143,4,4,5,1,2,1
"1674",11,143,4,4,5,1,2,1
"1675",11,143,4,4,5,1,2,1
"1676",10,144,4,3,3,3,3,3
"1677",10,144,4,3,3,3,3,3
"1678",10,144,4,3,3,3,3,3
"1679",10,144,4,3,3,3,3,3
"1680",10,144,4,3,3,3,3,3
"1681",10,144,4,3,3,3,3,3
"1682",10,144,4,3,3,3,3,3
"1683",10,144,4,3,3,3,3,3
"1684",10,144,4,3,3,3,3,3
"1685",11,144,4,4,5,3,2,2
"1686",11,144,4,4,5,3,2,2
"1687",11,144,4,4,5,3,2,2
"1688",11,144,4,4,5,3,2,2
"1689",11,144,4,4,5,3,2,2
"1690",10,145,5,4,4,2,2,2
"1691",10,145,5,4,4,2,2,2
"1692",10,145,5,4,4,2,2,2
"1693",10,145,5,4,4,2,2,2
"1694",10,145,5,4,4,2,2,2
"1695",10,145,5,4,4,2,2,2
"1696",10,145,5,4,4,2,2,2
"1697",10,145,5,4,4,2,2,2
"1698",10,145,5,4,4,2,2,2
"1699",10,145,5,4,4,2,2,2
"1700",10,145,5,4,4,2,2,2
"1701",11,145,5,5,5,1,1,1
"1702",11,145,5,5,5,1,1,1
"1703",11,145,5,5,5,1,1,1
"1704",11,145,5,5,5,1,1,1
"1705",10,146,2,2,2,4,4,4
"1706",10,146,2,2,2,4,4,4
"1707",10,146,2,2,2,4,4,4
"1708",10,146,2,2,2,4,4,4
"1709",10,146,2,2,2,4,4,4
"1710",10,146,2,2,2,4,4,4
"1711",10,146,2,2,2,4,4,4
"1712",10,146,2,2,2,4,4,4
"1713",10,146,2,2,2,4,4,4
"1714",10,146,2,2,2,4,4,4
"1715",10,146,2,2,2,4,4,4
"1716",10,146,2,2,2,4,4,4
"1717",11,146,1,1,1,5,5,5
"1718",11,146,1,1,1,5,5,5
"1719",11,146,1,1,1,5,5,5
"1720",10,147,3,2,4,4,4,4
"1721",10,147,3,2,4,4,4,4
"1722",10,147,3,2,4,4,4,4
"1723",10,147,3,2,4,4,4,4
"1724",10,147,3,2,4,4,4,4
"1725",10,147,3,2,4,4,4,4
"1726",10,147,3,2,4,4,4,4
"1727",10,147,3,2,4,4,4,4
"1728",10,147,3,2,4,4,4,4
"1729",10,147,3,2,4,4,4,4
"1730",10,147,3,2,4,4,4,4
"1731",11,147,3,3,2,5,5,5
"1732",11,147,3,3,2,5,5,5
"1733",10,148,5,3,3,4,2,2
"1734",10,148,5,3,3,4,2,2
"1735",10,148,5,3,3,4,2,2
"1736",10,148,5,3,3,4,2,2
"1737",10,148,5,3,3,4,2,2
"1738",10,148,5,3,3,4,2,2
"1739",10,148,5,3,3,4,2,2
"1740",10,148,5,3,3,4,2,2
"1741",10,148,5,3,3,4,2,2
"1742",10,148,5,3,3,4,2,2
"1743",10,148,5,3,3,4,2,2
"1744",10,148,5,3,3,4,2,2
"1745",11,148,4,3,4,3,3,3
"1746",11,148,4,3,4,3,3,3
"1747",11,148,4,3,4,3,3,3
"1748",11,148,4,3,4,3,3,3
"1749",10,149,4,4,4,2,2,2
"1750",10,149,4,4,4,2,2,2
"1751",10,149,4,4,4,2,2,2
"1752",10,149,4,4,4,2,2,2
"1753",10,149,4,4,4,2,2,2
"1754",10,149,4,4,4,2,2,2
"1755",10,149,4,4,4,2,2,2
"1756",10,149,4,4,4,2,2,2
"1757",10,149,4,4,4,2,2,2
"1758",10,149,4,4,4,2,2,2
"1759",10,149,4,4,4,2,2,2
"1760",11,149,4,4,3,3,3,3
"1761",11,149,4,4,3,3,3,3
"1762",11,149,4,4,3,3,3,3
"1763",10,150,1,1,1,5,5,5
"1764",10,150,1,1,1,5,5,5
"1765",10,150,1,1,1,5,5,5
"1766",10,150,1,1,1,5,5,5
"1767",10,150,1,1,1,5,5,5
"1768",10,150,1,1,1,5,5,5
"1769",10,150,1,1,1,5,5,5
"1770",10,150,1,1,1,5,5,5
"1771",11,150,1,2,3,5,5,5
"1772",11,150,1,2,3,5,5,5
"1773",10,151,5,5,5,1,1,5
"1774",10,151,5,5,5,1,1,5
"1775",10,151,5,5,5,1,1,5
"1776",10,151,5,5,5,1,1,5
"1777",10,151,5,5,5,1,1,5
"1778",10,151,5,5,5,1,1,5
"1779",10,151,5,5,5,1,1,5
"1780",10,151,5,5,5,1,1,5
"1781",11,151,5,5,5,1,1,1
"1782",11,151,5,5,5,1,1,1
"1783",11,151,5,5,5,1,1,1
"1784",10,152,3,2,3,3,2,3
"1785",10,152,3,2,3,3,2,3
"1786",10,152,3,2,3,3,2,3
"1787",10,152,3,2,3,3,2,3
"1788",10,152,3,2,3,3,2,3
"1789",10,152,3,2,3,3,2,3
"1790",10,152,3,2,3,3,2,3
"1791",10,152,3,2,3,3,2,3
"1792",10,152,3,2,3,3,2,3
"1793",10,152,3,2,3,3,2,3
"1794",10,152,3,2,3,3,2,3
"1795",11,152,3,3,4,2,3,3
"1796",11,152,3,3,4,2,3,3
"1797",11,152,3,3,4,2,3,3
"1798",11,152,3,3,4,2,3,3
"1799",10,153,4,4,4,4,1,1
"1800",10,153,4,4,4,4,1,1
"1801",10,153,4,4,4,4,1,1
"1802",10,153,4,4,4,4,1,1
"1803",10,153,4,4,4,4,1,1
"1804",10,153,4,4,4,4,1,1
"1805",10,153,4,4,4,4,1,1
"1806",10,153,4,4,4,4,1,1
"1807",10,153,4,4,4,4,1,1
"1808",11,153,5,5,5,1,1,1
"1809",11,153,5,5,5,1,1,1
"1810",10,154,2,2,2,2,5,4
"1811",10,154,2,2,2,2,5,4
"1812",10,154,2,2,2,2,5,4
"1813",10,154,2,2,2,2,5,4
"1814",11,154,2,2,3,2,2,2
"1815",10,155,4,5,2,4,2,5
"1816",10,155,4,5,2,4,2,5
"1817",10,155,4,5,2,4,2,5
"1818",10,155,4,5,2,4,2,5
"1819",10,155,4,5,2,4,2,5
"1820",10,155,4,5,2,4,2,5
"1821",10,155,4,5,2,4,2,5
"1822",10,155,4,5,2,4,2,5
"1823",10,155,4,5,2,4,2,5
"1824",11,155,5,5,5,1,1,1
"1825",11,155,5,5,5,1,1,1
"1826",11,155,5,5,5,1,1,1
"1827",11,155,5,5,5,1,1,1
"1828",11,155,5,5,5,1,1,1
"1829",11,156,4,3,4,2,2,2
"1830",11,156,4,3,4,2,2,2
"1831",11,156,4,3,4,2,2,2
"1832",11,156,4,3,4,2,2,2
"1833",10,157,4,4,4,2,3,4
"1834",10,157,4,4,4,2,3,4
"1835",10,157,4,4,4,2,3,4
"1836",10,157,4,4,4,2,3,4
"1837",10,157,4,4,4,2,3,4
"1838",10,157,4,4,4,2,3,4
"1839",10,157,4,4,4,2,3,4
"1840",10,157,4,4,4,2,3,4
"1841",10,157,4,4,4,2,3,4
"1842",10,157,4,4,4,2,3,4
"1843",10,157,4,4,4,2,3,4
"1844",11,157,5,5,5,3,2,2
"1845",11,157,5,5,5,3,2,2
"1846",11,157,5,5,5,3,2,2
"1847",11,157,5,5,5,3,2,2
"1848",11,157,5,5,5,3,2,2
"1849",12,158,3,4,5,1,3,3
"1850",12,158,3,4,5,1,3,3
"1851",12,158,3,4,5,1,3,3
"1852",12,158,3,4,5,1,3,3
"1853",12,158,3,4,5,1,3,3
"1854",12,158,3,4,5,1,3,3
"1855",12,158,3,4,5,1,3,3
"1856",13,158,3,2,2,2,2,2
"1857",13,158,3,2,2,2,2,2
"1858",13,158,3,2,2,2,2,2
"1859",13,158,3,2,2,2,2,2
"1860",13,158,3,2,2,2,2,2
"1861",13,158,3,2,2,2,2,2
"1862",14,159,4,3,4,2,3,4
"1863",14,159,4,3,4,2,3,4
"1864",14,159,4,3,4,2,3,4
"1865",14,159,4,3,4,2,3,4
"1866",14,159,4,3,4,2,3,4
"1867",13,159,4,3,3,4,3,4
"1868",13,159,4,3,3,4,3,4
"1869",13,159,4,3,3,4,3,4
"1870",13,159,4,3,3,4,3,4
"1871",13,159,4,3,3,4,3,4
"1872",13,159,4,3,3,4,3,4
"1873",13,159,4,3,3,4,3,4
"1874",13,159,4,3,3,4,3,4
"1875",13,159,4,3,3,4,3,4
"1876",13,159,4,3,3,4,3,4
"1877",12,160,4,4,5,2,3,3
"1878",12,160,4,4,5,2,3,3
"1879",12,160,4,4,5,2,3,3
"1880",12,160,4,4,5,2,3,3
"1881",13,160,3,3,4,3,3,4
"1882",13,160,3,3,4,3,3,4
"1883",13,160,3,3,4,3,3,4
"1884",13,160,3,3,4,3,3,4
"1885",13,160,3,3,4,3,3,4
"1886",13,160,3,3,4,3,3,4
"1887",13,160,3,3,4,3,3,4
"1888",13,160,3,3,4,3,3,4
"1889",13,160,3,3,4,3,3,4
"1890",13,160,3,3,4,3,3,4
"1891",13,160,3,3,4,3,3,4
"1892",12,161,5,5,1,1,1,1
"1893",12,161,5,5,1,1,1,1
"1894",12,161,5,5,1,1,1,1
"1895",12,161,5,5,1,1,1,1
"1896",12,161,5,5,1,1,1,1
"1897",12,161,5,5,1,1,1,1
"1898",13,161,5,4,5,1,1,1
"1899",13,161,5,4,5,1,1,1
"1900",13,161,5,4,5,1,1,1
"1901",13,161,5,4,5,1,1,1
"1902",13,161,5,4,5,1,1,1
"1903",13,161,5,4,5,1,1,1
"1904",13,161,5,4,5,1,1,1
"1905",13,161,5,4,5,1,1,1
"1906",13,161,5,4,5,1,1,1
"1907",13,161,5,4,5,1,1,1
"1908",13,161,5,4,5,1,1,1
"1909",12,162,2,2,3,4,4,4
"1910",12,162,2,2,3,4,4,4
"1911",12,162,2,2,3,4,4,4
"1912",12,162,2,2,3,4,4,4
"1913",13,162,3,2,2,4,2,4
"1914",13,162,3,2,2,4,2,4
"1915",13,162,3,2,2,4,2,4
"1916",13,162,3,2,2,4,2,4
"1917",13,162,3,2,2,4,2,4
"1918",13,162,3,2,2,4,2,4
"1919",13,162,3,2,2,4,2,4
"1920",13,162,3,2,2,4,2,4
"1921",13,162,3,2,2,4,2,4
"1922",13,162,3,2,2,4,2,4
"1923",13,162,3,2,2,4,2,4
"1924",12,163,3,3,3,3,3,3
"1925",12,163,3,3,3,3,3,3
"1926",12,163,3,3,3,3,3,3
"1927",12,163,3,3,3,3,3,3
"1928",13,163,3,3,3,4,4,4
"1929",13,163,3,3,3,4,4,4
"1930",13,163,3,3,3,4,4,4
"1931",13,163,3,3,3,4,4,4
"1932",13,163,3,3,3,4,4,4
"1933",13,163,3,3,3,4,4,4
"1934",14,164,5,5,1,1,1,1
"1935",14,164,5,5,1,1,1,1
"1936",14,164,5,5,1,1,1,1
"1937",14,164,5,5,1,1,1,1
"1938",13,164,5,5,4,1,1,1
"1939",13,164,5,5,4,1,1,1
"1940",13,164,5,5,4,1,1,1
"1941",13,164,5,5,4,1,1,1
"1942",13,164,5,5,4,1,1,1
"1943",13,164,5,5,4,1,1,1
"1944",13,164,5,5,4,1,1,1
"1945",13,164,5,5,4,1,1,1
"1946",13,164,5,5,4,1,1,1
"1947",13,164,5,5,4,1,1,1
"1948",12,165,3,3,3,3,3,3
"1949",12,165,3,3,3,3,3,3
"1950",12,165,3,3,3,3,3,3
"1951",12,165,3,3,3,3,3,3
"1952",14,165,3,4,4,3,3,4
"1953",14,165,3,4,4,3,3,4
"1954",14,165,3,4,4,3,3,4
"1955",14,165,3,4,4,3,3,4
"1956",14,165,3,4,4,3,3,4
"1957",14,165,3,4,4,3,3,4
"1958",14,165,3,4,4,3,3,4
"1959",14,165,3,4,4,3,3,4
"1960",12,166,4,5,5,1,2,1
"1961",12,166,4,5,5,1,2,1
"1962",12,166,4,5,5,1,2,1
"1963",12,166,4,5,5,1,2,1
"1964",12,166,4,5,5,1,2,1
"1965",12,166,4,5,5,1,2,1
"1966",12,166,4,5,5,1,2,1
"1967",12,166,4,5,5,1,2,1
"1968",12,166,4,5,5,1,2,1
"1969",14,166,4,4,4,2,2,2
"1970",14,166,4,4,4,2,2,2
"1971",14,166,4,4,4,2,2,2
"1972",14,166,4,4,4,2,2,2
"1973",14,166,4,4,4,2,2,2
"1974",14,166,4,4,4,2,2,2
"1975",14,166,4,4,4,2,2,2
"1976",12,167,3,3,3,3,3,3
"1977",12,167,3,3,3,3,3,3
"1978",12,167,3,3,3,3,3,3
"1979",12,167,3,3,3,3,3,3
"1980",12,167,3,3,3,3,3,3
"1981",14,167,4,4,4,2,2,2
"1982",14,167,4,4,4,2,2,2
"1983",14,167,4,4,4,2,2,2
"1984",14,167,4,4,4,2,2,2
"1985",14,167,4,4,4,2,2,2
"1986",14,167,4,4,4,2,2,2
"1987",14,167,4,4,4,2,2,2
"1988",14,167,4,4,4,2,2,2
"1989",13,167,3,4,4,3,2,4
"1990",13,167,3,4,4,3,2,4
"1991",13,167,3,4,4,3,2,4
"1992",13,167,3,4,4,3,2,4
"1993",13,167,3,4,4,3,2,4
"1994",12,168,4,3,3,2,2,2
"1995",12,168,4,3,3,2,2,2
"1996",12,168,4,3,3,2,2,2
"1997",14,168,4,4,4,2,2,2
"1998",14,168,4,4,4,2,2,2
"1999",14,168,4,4,4,2,2,2
"2000",14,168,4,4,4,2,2,2
"2001",14,168,4,4,4,2,2,2
"2002",12,169,4,3,3,3,2,3
"2003",12,169,4,3,3,3,2,3
"2004",12,169,4,3,3,3,2,3
"2005",12,169,4,3,3,3,2,3
"2006",12,169,4,3,3,3,2,3
"2007",12,169,4,3,3,3,2,3
"2008",12,169,4,3,3,3,2,3
"2009",14,169,4,4,4,2,2,2
"2010",14,169,4,4,4,2,2,2
"2011",14,169,4,4,4,2,2,2
"2012",14,169,4,4,4,2,2,2
"2013",14,169,4,4,4,2,2,2
"2014",14,169,4,4,4,2,2,2
"2015",12,170,4,4,4,2,2,2
"2016",12,170,4,4,4,2,2,2
"2017",12,170,4,4,4,2,2,2
"2018",12,170,4,4,4,2,2,2
"2019",12,170,4,4,4,2,2,2
"2020",12,170,4,4,4,2,2,2
"2021",12,170,4,4,4,2,2,2
"2022",14,170,4,4,4,2,2,2
"2023",14,170,4,4,4,2,2,2
"2024",14,170,4,4,4,2,2,2
"2025",14,170,4,4,4,2,2,2
"2026",14,170,4,4,4,2,2,2
"2027",14,170,4,4,4,2,2,2
"2028",14,170,4,4,4,2,2,2
"2029",12,171,5,5,5,1,1,1
"2030",12,171,5,5,5,1,1,1
"2031",12,171,5,5,5,1,1,1
"2032",14,171,4,4,4,2,2,2
"2033",14,171,4,4,4,2,2,2
"2034",14,171,4,4,4,2,2,2
"2035",14,171,4,4,4,2,2,2
"2036",14,171,4,4,4,2,2,2
"2037",14,171,4,4,4,2,2,2
"2038",14,171,4,4,4,2,2,2
"2039",14,171,4,4,4,2,2,2
"2040",14,171,4,4,4,2,2,2
"2041",14,171,4,4,4,2,2,2
"2042",14,171,4,4,4,2,2,2
"2043",14,171,4,4,4,2,2,2
"2044",14,171,4,4,4,2,2,2
"2045",12,172,4,4,5,2,2,2
"2046",12,172,4,4,5,2,2,2
"2047",12,172,4,4,5,2,2,2
"2048",12,172,4,4,5,2,2,2
"2049",12,172,4,4,5,2,2,2
"2050",12,172,4,4,5,2,2,2
"2051",14,172,4,4,4,2,2,2
"2052",14,172,4,4,4,2,2,2
"2053",14,172,4,4,4,2,2,2
"2054",14,172,4,4,4,2,2,2
"2055",14,172,4,4,4,2,2,2
"2056",13,172,4,5,4,1,3,2
"2057",13,172,4,5,4,1,3,2
"2058",13,172,4,5,4,1,3,2
"2059",13,172,4,5,4,1,3,2
"2060",13,172,4,5,4,1,3,2
"2061",12,173,4,4,4,1,2,2
"2062",12,173,4,4,4,1,2,2
"2063",12,173,4,4,4,1,2,2
"2064",12,173,4,4,4,1,2,2
"2065",14,173,4,4,4,2,2,2
"2066",14,173,4,4,4,2,2,2
"2067",14,173,4,4,4,2,2,2
"2068",14,173,4,4,4,2,2,2
"2069",14,173,4,4,4,2,2,2
"2070",14,173,4,4,4,2,2,2
"2071",14,173,4,4,4,2,2,2
"2072",14,173,4,4,4,2,2,2
"2073",12,174,5,5,5,1,1,1
"2074",12,174,5,5,5,1,1,1
"2075",12,174,5,5,5,1,1,1
"2076",14,174,4,4,4,2,2,2
"2077",14,174,4,4,4,2,2,2
"2078",14,174,4,4,4,2,2,2
"2079",14,174,4,4,4,2,2,2
"2080",14,174,4,4,4,2,2,2
"2081",14,174,4,4,4,2,2,2
"2082",14,174,4,4,4,2,2,2
"2083",13,174,5,4,4,2,2,3
"2084",13,174,5,4,4,2,2,3
"2085",13,174,5,4,4,2,2,3
"2086",12,175,3,3,3,3,3,3
"2087",12,175,3,3,3,3,3,3
"2088",12,175,3,3,3,3,3,3
"2089",12,175,3,3,3,3,3,3
"2090",12,175,3,3,3,3,3,3
"2091",12,175,3,3,3,3,3,3
"2092",12,175,3,3,3,3,3,3
"2093",12,175,3,3,3,3,3,3
"2094",12,175,3,3,3,3,3,3
"2095",12,175,3,3,3,3,3,3
"2096",14,175,4,4,4,2,2,2
"2097",14,175,4,4,4,2,2,2
"2098",14,175,4,4,4,2,2,2
"2099",14,175,4,4,4,2,2,2
"2100",12,176,4,4,3,3,3,3
"2101",12,176,4,4,3,3,3,3
"2102",12,176,4,4,3,3,3,3
"2103",12,176,4,4,3,3,3,3
"2104",12,176,4,4,3,3,3,3
"2105",12,176,4,4,3,3,3,3
"2106",14,176,4,4,4,2,2,3
"2107",14,176,4,4,4,2,2,3
"2108",14,176,4,4,4,2,2,3
"2109",12,177,3,3,3,2,2,2
"2110",12,177,3,3,3,2,2,2
"2111",12,177,3,3,3,2,2,2
"2112",12,177,3,3,3,2,2,2
"2113",12,177,3,3,3,2,2,2
"2114",12,177,3,3,3,2,2,2
"2115",14,177,4,4,4,2,3,4
"2116",14,177,4,4,4,2,3,4
"2117",14,177,4,4,4,2,3,4
"2118",14,177,4,4,4,2,3,4
"2119",14,177,4,4,4,2,3,4
"2120",14,177,4,4,4,2,3,4
"2121",12,178,4,4,5,1,1,1
"2122",12,178,4,4,5,1,1,1
"2123",12,178,4,4,5,1,1,1
"2124",12,178,4,4,5,1,1,1
"2125",14,178,4,4,4,1,1,1
"2126",14,178,4,4,4,1,1,1
"2127",14,178,4,4,4,1,1,1
"2128",14,178,4,4,4,1,1,1
"2129",14,178,4,4,4,1,1,1
"2130",14,178,4,4,4,1,1,1
"2131",12,179,3,3,3,3,3,3
"2132",12,179,3,3,3,3,3,3
"2133",12,179,3,3,3,3,3,3
"2134",12,179,3,3,3,3,3,3
"2135",12,179,3,3,3,3,3,3
"2136",12,179,3,3,3,3,3,3
"2137",12,179,3,3,3,3,3,3
"2138",12,179,3,3,3,3,3,3
"2139",12,179,3,3,3,3,3,3
"2140",12,179,3,3,3,3,3,3
"2141",12,179,3,3,3,3,3,3
"2142",14,179,3,3,4,2,2,2
"2143",14,179,3,3,4,2,2,2
"2144",14,179,3,3,4,2,2,2
"2145",14,179,3,3,4,2,2,2
"2146",14,179,3,3,4,2,2,2
"2147",12,180,4,4,4,2,1,2
"2148",12,180,4,4,4,2,1,2
"2149",12,180,4,4,4,2,1,2
"2150",12,180,4,4,4,2,1,2
"2151",12,180,4,4,4,2,1,2
"2152",12,180,4,4,4,2,1,2
"2153",14,180,4,4,4,2,2,2
"2154",14,180,4,4,4,2,2,2
"2155",14,180,4,4,4,2,2,2
"2156",14,180,4,4,4,2,2,2
"2157",14,180,4,4,4,2,2,2
"2158",14,180,4,4,4,2,2,2
"2159",14,180,4,4,4,2,2,2
"2160",12,181,3,2,3,4,4,4
"2161",12,181,3,2,3,4,4,4
"2162",14,181,3,3,3,3,4,4
"2163",14,181,3,3,3,3,4,4
"2164",14,181,3,3,3,3,4,4
"2165",15,182,4,4,5,4,2,4
"2166",15,182,4,4,5,4,2,4
"2167",15,182,4,4,5,4,2,4
"2168",15,182,4,4,5,4,2,4
"2169",15,182,4,4,5,4,2,4
"2170",15,182,4,4,5,4,2,4
"2171",15,182,4,4,5,4,2,4
"2172",15,182,4,4,5,4,2,4
"2173",15,182,4,4,5,4,2,4
"2174",15,183,3,3,2,4,3,4
"2175",15,183,3,3,2,4,3,4
"2176",15,183,3,3,2,4,3,4
"2177",15,183,3,3,2,4,3,4
"2178",15,184,1,1,1,1,1,1
"2179",15,184,1,1,1,1,1,1
"2180",15,184,1,1,1,1,1,1
"2181",15,184,1,1,1,1,1,1
"2182",15,184,1,1,1,1,1,1
"2183",15,184,1,1,1,1,1,1
"2184",15,184,1,1,1,1,1,1
"2185",15,184,1,1,1,1,1,1
"2186",15,184,1,1,1,1,1,1
"2187",15,184,1,1,1,1,1,1
"2188",15,184,1,1,1,1,1,1
"2189",15,184,1,1,1,1,1,1
"2190",15,184,1,1,1,1,1,1
"2191",15,185,5,5,5,1,1,1
"2192",15,185,5,5,5,1,1,1
"2193",15,185,5,5,5,1,1,1
"2194",15,185,5,5,5,1,1,1
"2195",15,185,5,5,5,1,1,1
"2196",15,185,5,5,5,1,1,1
"2197",15,185,5,5,5,1,1,1
"2198",15,185,5,5,5,1,1,1
"2199",15,185,5,5,5,1,1,1
"2200",15,185,5,5,5,1,1,1
"2201",15,185,5,5,5,1,1,1
"2202",15,186,5,4,4,2,2,2
"2203",15,186,5,4,4,2,2,2
"2204",15,186,5,4,4,2,2,2
"2205",15,186,5,4,4,2,2,2
"2206",15,186,5,4,4,2,2,2
"2207",15,186,5,4,4,2,2,2
"2208",15,186,5,4,4,2,2,2
"2209",15,187,2,2,2,5,5,5
"2210",15,187,2,2,2,5,5,5
"2211",15,187,2,2,2,5,5,5
"2212",15,187,2,2,2,5,5,5
"2213",15,187,2,2,2,5,5,5
"2214",15,187,2,2,2,5,5,5
"2215",15,187,2,2,2,5,5,5
"2216",15,187,2,2,2,5,5,5
"2217",15,187,2,2,2,5,5,5
"2218",15,188,5,5,5,1,1,2
"2219",15,188,5,5,5,1,1,2
"2220",15,188,5,5,5,1,1,2
"2221",15,188,5,5,5,1,1,2
"2222",15,188,5,5,5,1,1,2
"2223",15,188,5,5,5,1,1,2
"2224",15,188,5,5,5,1,1,2
"2225",15,188,5,5,5,1,1,2
"2226",15,188,5,5,5,1,1,2
"2227",15,189,3,2,2,4,3,4
"2228",15,189,3,2,2,4,3,4
"2229",15,189,3,2,2,4,3,4
"2230",15,189,3,2,2,4,3,4
"2231",15,189,3,2,2,4,3,4
"2232",15,189,3,2,2,4,3,4
"2233",15,190,2,2,2,4,5,5
"2234",15,190,2,2,2,4,5,5
"2235",15,190,2,2,2,4,5,5
"2236",15,190,2,2,2,4,5,5
"2237",15,190,2,2,2,4,5,5
"2238",15,190,2,2,2,4,5,5
"2239",15,190,2,2,2,4,5,5
"2240",15,190,2,2,2,4,5,5
"2241",15,191,3,2,2,3,4,4
"2242",15,191,3,2,2,3,4,4
"2243",15,191,3,2,2,3,4,4
"2244",15,191,3,2,2,3,4,4
"2245",15,191,3,2,2,3,4,4
"2246",15,191,3,2,2,3,4,4
"2247",15,191,3,2,2,3,4,4
"2248",15,191,3,2,2,3,4,4
"2249",15,191,3,2,2,3,4,4
"2250",15,192,5,5,5,1,1,2
"2251",15,192,5,5,5,1,1,2
"2252",15,192,5,5,5,1,1,2
"2253",15,192,5,5,5,1,1,2
"2254",15,192,5,5,5,1,1,2
"2255",15,192,5,5,5,1,1,2
"2256",15,192,5,5,5,1,1,2
"2257",15,192,5,5,5,1,1,2
"2258",15,192,5,5,5,1,1,2
"2259",15,192,5,5,5,1,1,2
"2260",15,193,4,4,4,3,3,4
"2261",15,193,4,4,4,3,3,4
"2262",15,193,4,4,4,3,3,4
"2263",15,193,4,4,4,3,3,4
"2264",15,193,4,4,4,3,3,4
"2265",15,193,4,4,4,3,3,4
"2266",15,193,4,4,4,3,3,4
"2267",15,194,4,3,1,5,3,4
"2268",15,194,4,3,1,5,3,4
"2269",15,194,4,3,1,5,3,4
"2270",15,194,4,3,1,5,3,4
"2271",15,194,4,3,1,5,3,4
"2272",15,194,4,3,1,5,3,4
"2273",15,194,4,3,1,5,3,4
"2274",15,194,4,3,1,5,3,4
"2275",15,194,4,3,1,5,3,4
"2276",15,195,5,5,5,1,1,1
"2277",15,195,5,5,5,1,1,1
"2278",15,195,5,5,5,1,1,1
"2279",15,195,5,5,5,1,1,1
"2280",15,195,5,5,5,1,1,1
"2281",15,195,5,5,5,1,1,1
"2282",15,195,5,5,5,1,1,1
"2283",15,195,5,5,5,1,1,1
"2284",15,196,5,5,5,1,1,1
"2285",15,196,5,5,5,1,1,1
"2286",15,196,5,5,5,1,1,1
"2287",15,196,5,5,5,1,1,1
"2288",15,196,5,5,5,1,1,1
"2289",15,196,5,5,5,1,1,1
"2290",15,196,5,5,5,1,1,1
"2291",15,196,5,5,5,1,1,1
"2292",15,196,5,5,5,1,1,1
"2293",15,196,5,5,5,1,1,1
"2294",15,197,5,5,5,1,1,1
"2295",15,197,5,5,5,1,1,1
"2296",15,197,5,5,5,1,1,1
"2297",15,197,5,5,5,1,1,1
"2298",15,197,5,5,5,1,1,1
"2299",15,197,5,5,5,1,1,1
"2300",15,197,5,5,5,1,1,1
"2301",15,197,5,5,5,1,1,1
"2302",15,198,5,4,5,1,1,1
"2303",15,198,5,4,5,1,1,1
"2304",15,198,5,4,5,1,1,1
"2305",15,198,5,4,5,1,1,1
"2306",15,198,5,4,5,1,1,1
"2307",15,198,5,4,5,1,1,1
"2308",15,198,5,4,5,1,1,1
"2309",15,198,5,4,5,1,1,1
"2310",15,198,5,4,5,1,1,1
"2311",15,198,5,4,5,1,1,1
"2312",15,199,2,2,2,4,3,4
"2313",15,199,2,2,2,4,3,4
"2314",15,199,2,2,2,4,3,4
"2315",15,199,2,2,2,4,3,4
"2316",15,199,2,2,2,4,3,4
"2317",15,199,2,2,2,4,3,4
"2318",15,199,2,2,2,4,3,4
"2319",15,199,2,2,2,4,3,4
"2320",15,199,2,2,2,4,3,4
"2321",15,199,2,2,2,4,3,4
"2322",15,199,2,2,2,4,3,4
"2323",15,199,2,2,2,4,3,4
"2324",15,199,2,2,2,4,3,4
"2325",15,200,5,4,5,1,1,1
"2326",15,200,5,4,5,1,1,1
"2327",15,200,5,4,5,1,1,1
"2328",15,200,5,4,5,1,1,1
"2329",15,200,5,4,5,1,1,1
"2330",15,200,5,4,5,1,1,1
"2331",15,200,5,4,5,1,1,1
"2332",15,200,5,4,5,1,1,1
"2333",15,200,5,4,5,1,1,1
"2334",15,201,4,4,3,1,1,3
"2335",15,201,4,4,3,1,1,3
"2336",15,201,4,4,3,1,1,3
"2337",15,201,4,4,3,1,1,3
"2338",15,201,4,4,3,1,1,3
"2339",15,201,4,4,3,1,1,3
"2340",15,201,4,4,3,1,1,3
"2341",15,201,4,4,3,1,1,3
"2342",15,202,5,4,4,3,2,3
"2343",15,202,5,4,4,3,2,3
"2344",15,202,5,4,4,3,2,3
"2345",15,202,5,4,4,3,2,3
"2346",15,202,5,4,4,3,2,3
"2347",15,202,5,4,4,3,2,3
"2348",15,202,5,4,4,3,2,3
"2349",16,203,3,3,2,3,4,3
"2350",16,203,3,3,2,3,4,3
"2351",16,203,3,3,2,3,4,3
"2352",16,203,3,3,2,3,4,3
"2353",16,203,3,3,2,3,4,3
"2354",16,203,3,3,2,3,4,3
"2355",16,203,3,3,2,3,4,3
"2356",16,203,3,3,2,3,4,3
"2357",16,203,3,3,2,3,4,3
"2358",16,203,3,3,2,3,4,3
"2359",16,203,3,3,2,3,4,3
"2360",16,203,3,3,2,3,4,3
"2361",17,203,4,4,4,3,2,2
"2362",17,203,4,4,4,3,2,2
"2363",16,204,4,2,4,2,2,4
"2364",16,204,4,2,4,2,2,4
"2365",16,204,4,2,4,2,2,4
"2366",16,204,4,2,4,2,2,4
"2367",16,204,4,2,4,2,2,4
"2368",16,204,4,2,4,2,2,4
"2369",16,204,4,2,4,2,2,4
"2370",16,204,4,2,4,2,2,4
"2371",16,204,4,2,4,2,2,4
"2372",16,204,4,2,4,2,2,4
"2373",16,204,4,2,4,2,2,4
"2374",16,204,4,2,4,2,2,4
"2375",17,204,4,4,4,1,1,3
"2376",17,204,4,4,4,1,1,3
"2377",17,204,4,4,4,1,1,3
"2378",16,205,4,3,3,4,2,2
"2379",16,205,4,3,3,4,2,2
"2380",16,205,4,3,3,4,2,2
"2381",16,205,4,3,3,4,2,2
"2382",16,205,4,3,3,4,2,2
"2383",16,205,4,3,3,4,2,2
"2384",16,205,4,3,3,4,2,2
"2385",16,205,4,3,3,4,2,2
"2386",16,205,4,3,3,4,2,2
"2387",17,205,3,3,4,3,3,4
"2388",17,205,3,3,4,3,3,4
"2389",17,205,3,3,4,3,3,4
"2390",16,206,2,1,2,3,2,2
"2391",16,206,2,1,2,3,2,2
"2392",16,206,2,1,2,3,2,2
"2393",16,206,2,1,2,3,2,2
"2394",16,206,2,1,2,3,2,2
"2395",17,206,4,3,4,2,2,3
"2396",17,206,4,3,4,2,2,3
"2397",16,207,5,3,3,3,3,1
"2398",16,207,5,3,3,3,3,1
"2399",16,207,5,3,3,3,3,1
"2400",16,207,5,3,3,3,3,1
"2401",16,207,5,3,3,3,3,1
"2402",16,207,5,3,3,3,3,1
"2403",16,207,5,3,3,3,3,1
"2404",16,207,5,3,3,3,3,1
"2405",16,207,5,3,3,3,3,1
"2406",16,207,5,3,3,3,3,1
"2407",17,207,4,4,4,2,2,2
"2408",17,207,4,4,4,2,2,2
"2409",17,207,4,4,4,2,2,2
"2410",17,207,4,4,4,2,2,2
"2411",16,208,4,2,3,4,3,3
"2412",16,208,4,2,3,4,3,3
"2413",16,208,4,2,3,4,3,3
"2414",16,208,4,2,3,4,3,3
"2415",16,208,4,2,3,4,3,3
"2416",16,208,4,2,3,4,3,3
"2417",17,208,3,3,2,4,4,4
"2418",17,208,3,3,2,4,4,4
"2419",17,208,3,3,2,4,4,4
"2420",16,209,3,2,2,5,4,5
"2421",16,209,3,2,2,5,4,5
"2422",16,209,3,2,2,5,4,5
"2423",16,209,3,2,2,5,4,5
"2424",16,209,3,2,2,5,4,5
"2425",16,209,3,2,2,5,4,5
"2426",16,209,3,2,2,5,4,5
"2427",16,209,3,2,2,5,4,5
"2428",16,209,3,2,2,5,4,5
"2429",16,209,3,2,2,5,4,5
"2430",16,209,3,2,2,5,4,5
"2431",16,209,3,2,2,5,4,5
"2432",16,209,3,2,2,5,4,5
"2433",16,209,3,2,2,5,4,5
"2434",16,209,3,2,2,5,4,5
"2435",16,209,3,2,2,5,4,5
"2436",16,210,4,3,3,1,2,3
"2437",16,210,4,3,3,1,2,3
"2438",16,210,4,3,3,1,2,3
"2439",16,210,4,3,3,1,2,3
"2440",16,210,4,3,3,1,2,3
"2441",16,210,4,3,3,1,2,3
"2442",16,210,4,3,3,1,2,3
"2443",16,210,4,3,3,1,2,3
"2444",16,210,4,3,3,1,2,3
"2445",17,210,4,4,4,2,2,3
"2446",17,210,4,4,4,2,2,3
"2447",17,210,4,4,4,2,2,3
"2448",17,210,4,4,4,2,2,3
"2449",16,211,5,4,4,4,1,2
"2450",16,211,5,4,4,4,1,2
"2451",16,211,5,4,4,4,1,2
"2452",16,211,5,4,4,4,1,2
"2453",16,211,5,4,4,4,1,2
"2454",16,211,5,4,4,4,1,2
"2455",16,211,5,4,4,4,1,2
"2456",16,211,5,4,4,4,1,2
"2457",16,211,5,4,4,4,1,2
"2458",17,211,4,4,5,2,1,2
"2459",17,211,4,4,5,2,1,2
"2460",17,211,4,4,5,2,1,2
"2461",17,211,4,4,5,2,1,2
"2462",17,211,4,4,5,2,1,2
"2463",16,212,3,2,5,2,2,3
"2464",16,212,3,2,5,2,2,3
"2465",16,212,3,2,5,2,2,3
"2466",17,212,4,4,4,3,3,3
"2467",17,212,4,4,4,3,3,3
"2468",17,212,4,4,4,3,3,3
"2469",17,212,4,4,4,3,3,3
"2470",17,212,4,4,4,3,3,3
"2471",17,212,4,4,4,3,3,3
"2472",17,212,4,4,4,3,3,3
"2473",17,212,4,4,4,3,3,3
"2474",17,212,4,4,4,3,3,3
"2475",16,213,4,2,3,3,3,2
"2476",16,213,4,2,3,3,3,2
"2477",16,213,4,2,3,3,3,2
"2478",16,213,4,2,3,3,3,2
"2479",16,213,4,2,3,3,3,2
"2480",16,213,4,2,3,3,3,2
"2481",16,213,4,2,3,3,3,2
"2482",16,213,4,2,3,3,3,2
"2483",16,213,4,2,3,3,3,2
"2484",16,213,4,2,3,3,3,2
"2485",16,213,4,2,3,3,3,2
"2486",17,213,5,4,5,3,1,2
"2487",17,213,5,4,5,3,1,2
"2488",17,213,5,4,5,3,1,2
"2489",17,213,5,4,5,3,1,2
"2490",16,214,4,3,3,3,3,3
"2491",16,214,4,3,3,3,3,3
"2492",16,214,4,3,3,3,3,3
"2493",16,214,4,3,3,3,3,3
"2494",16,214,4,3,3,3,3,3
"2495",16,214,4,3,3,3,3,3
"2496",16,214,4,3,3,3,3,3
"2497",16,214,4,3,3,3,3,3
"2498",16,214,4,3,3,3,3,3
"2499",16,214,4,3,3,3,3,3
"2500",16,214,4,3,3,3,3,3
"2501",17,214,3,3,3,4,3,3
"2502",17,214,3,3,3,4,3,3
"2503",16,215,3,1,1,5,3,3
"2504",16,215,3,1,1,5,3,3
"2505",16,215,3,1,1,5,3,3
"2506",16,215,3,1,1,5,3,3
"2507",16,215,3,1,1,5,3,3
"2508",16,215,3,1,1,5,3,3
"2509",16,215,3,1,1,5,3,3
"2510",16,215,3,1,1,5,3,3
"2511",16,215,3,1,1,5,3,3
"2512",16,215,3,1,1,5,3,3
"2513",16,215,3,1,1,5,3,3
"2514",16,215,3,1,1,5,3,3
"2515",16,215,3,1,1,5,3,3
"2516",16,216,5,5,5,2,1,1
"2517",16,216,5,5,5,2,1,1
"2518",16,216,5,5,5,2,1,1
"2519",16,216,5,5,5,2,1,1
"2520",16,216,5,5,5,2,1,1
"2521",16,216,5,5,5,2,1,1
"2522",16,216,5,5,5,2,1,1
"2523",16,216,5,5,5,2,1,1
"2524",17,216,5,5,5,2,1,3
"2525",17,216,5,5,5,2,1,3
"2526",17,216,5,5,5,2,1,3
"2527",17,216,5,5,5,2,1,3
"2528",17,216,5,5,5,2,1,3
"2529",16,217,4,3,3,1,3,2
"2530",16,217,4,3,3,1,3,2
"2531",16,217,4,3,3,1,3,2
"2532",17,217,4,4,4,2,3,3
"2533",17,217,4,4,4,2,3,3
"2534",17,217,4,4,4,2,3,3
"2535",17,217,4,4,4,2,3,3
"2536",17,217,4,4,4,2,3,3
"2537",17,217,4,4,4,2,3,3
"2538",17,217,4,4,4,2,3,3
"2539",16,218,3,2,4,2,3,3
"2540",16,218,3,2,4,2,3,3
"2541",16,218,3,2,4,2,3,3
"2542",16,218,3,2,4,2,3,3
"2543",16,218,3,2,4,2,3,3
"2544",16,218,3,2,4,2,3,3
"2545",16,218,3,2,4,2,3,3
"2546",17,218,4,4,4,3,2,3
"2547",17,218,4,4,4,3,2,3
"2548",17,218,4,4,4,3,2,3
"2549",17,218,4,4,4,3,2,3
"2550",17,218,4,4,4,3,2,3
"2551",17,218,4,4,4,3,2,3
"2552",17,218,4,4,4,3,2,3
"2553",16,219,4,3,4,3,3,3
"2554",16,219,4,3,4,3,3,3
"2555",16,219,4,3,4,3,3,3
"2556",16,219,4,3,4,3,3,3
"2557",16,219,4,3,4,3,3,3
"2558",16,219,4,3,4,3,3,3
"2559",16,219,4,3,4,3,3,3
"2560",16,219,4,3,4,3,3,3
"2561",16,219,4,3,4,3,3,3
"2562",16,219,4,3,4,3,3,3
"2563",17,219,4,4,4,2,2,3
"2564",17,219,4,4,4,2,2,3
"2565",17,219,4,4,4,2,2,3
"2566",17,219,4,4,4,2,2,3
"2567",17,219,4,4,4,2,2,3
"2568",17,219,4,4,4,2,2,3
"2569",16,220,4,3,4,1,3,3
"2570",16,220,4,3,4,1,3,3
"2571",16,220,4,3,4,1,3,3
"2572",16,220,4,3,4,1,3,3
"2573",16,220,4,3,4,1,3,3
"2574",16,220,4,3,4,1,3,3
"2575",16,220,4,3,4,1,3,3
"2576",16,220,4,3,4,1,3,3
"2577",16,220,4,3,4,1,3,3
"2578",16,220,4,3,4,1,3,3
"2579",16,220,4,3,4,1,3,3
"2580",16,220,4,3,4,1,3,3
"2581",17,220,5,5,4,1,2,2
"2582",17,220,5,5,4,1,2,2
"2583",17,220,5,5,4,1,2,2
"2584",16,221,4,4,5,4,1,2
"2585",16,221,4,4,5,4,1,2
"2586",16,221,4,4,5,4,1,2
"2587",16,221,4,4,5,4,1,2
"2588",16,221,4,4,5,4,1,2
"2589",16,221,4,4,5,4,1,2
"2590",16,221,4,4,5,4,1,2
"2591",16,222,4,3,3,3,3,3
"2592",16,222,4,3,3,3,3,3
"2593",16,222,4,3,3,3,3,3
"2594",16,222,4,3,3,3,3,3
"2595",16,222,4,3,3,3,3,3
"2596",16,222,4,3,3,3,3,3
"2597",16,222,4,3,3,3,3,3
"2598",16,222,4,3,3,3,3,3
"2599",16,222,4,3,3,3,3,3
"2600",16,222,4,3,3,3,3,3
"2601",17,222,3,3,3,3,3,3
"2602",17,222,3,3,3,3,3,3
"2603",17,222,3,3,3,3,3,3
"2604",17,222,3,3,3,3,3,3
"2605",16,223,4,2,4,4,4,4
"2606",16,223,4,2,4,4,4,4
"2607",16,223,4,2,4,4,4,4
"2608",16,223,4,2,4,4,4,4
"2609",16,223,4,2,4,4,4,4
"2610",16,223,4,2,4,4,4,4
"2611",16,223,4,2,4,4,4,4
"2612",16,223,4,2,4,4,4,4
"2613",16,223,4,2,4,4,4,4
"2614",17,223,5,5,5,1,1,2
"2615",17,223,5,5,5,1,1,2
"2616",17,223,5,5,5,1,1,2
"2617",17,223,5,5,5,1,1,2
"2618",17,223,5,5,5,1,1,2
"2619",18,224,4,4,4,2,2,2
"2620",18,224,4,4,4,2,2,2
"2621",18,224,4,4,4,2,2,2
"2622",18,224,4,4,4,2,2,2
"2623",18,224,4,4,4,2,2,2
"2624",18,224,4,4,4,2,2,2
"2625",18,224,4,4,4,2,2,2
"2626",18,224,4,4,4,2,2,2
"2627",18,224,4,4,4,2,2,2
"2628",18,224,4,4,4,2,2,2
"2629",18,225,5,5,5,1,1,1
"2630",18,225,5,5,5,1,1,1
"2631",18,225,5,5,5,1,1,1
"2632",18,225,5,5,5,1,1,1
"2633",18,225,5,5,5,1,1,1
"2634",18,225,5,5,5,1,1,1
"2635",18,225,5,5,5,1,1,1
"2636",18,225,5,5,5,1,1,1
"2637",18,226,5,5,5,1,1,1
"2638",18,226,5,5,5,1,1,1
"2639",18,226,5,5,5,1,1,1
"2640",18,226,5,5,5,1,1,1
"2641",18,226,5,5,5,1,1,1
"2642",18,226,5,5,5,1,1,1
"2643",18,226,5,5,5,1,1,1
"2644",18,226,5,5,5,1,1,1
"2645",18,226,5,5,5,1,1,1
"2646",18,226,5,5,5,1,1,1
"2647",18,227,5,4,3,3,3,2
"2648",18,227,5,4,3,3,3,2
"2649",18,227,5,4,3,3,3,2
"2650",18,227,5,4,3,3,3,2
"2651",18,227,5,4,3,3,3,2
"2652",18,227,5,4,3,3,3,2
"2653",18,228,4,4,4,3,3,3
"2654",18,228,4,4,4,3,3,3
"2655",18,228,4,4,4,3,3,3
"2656",18,228,4,4,4,3,3,3
"2657",18,228,4,4,4,3,3,3
"2658",18,228,4,4,4,3,3,3
"2659",18,228,4,4,4,3,3,3
"2660",18,228,4,4,4,3,3,3
"2661",18,228,4,4,4,3,3,3
"2662",18,229,3,2,2,3,3,3
"2663",18,229,3,2,2,3,3,3
"2664",18,229,3,2,2,3,3,3
"2665",18,229,3,2,2,3,3,3
"2666",18,229,3,2,2,3,3,3
"2667",18,229,3,2,2,3,3,3
"2668",18,229,3,2,2,3,3,3
"2669",18,230,5,5,5,1,1,2
"2670",18,230,5,5,5,1,1,2
"2671",18,230,5,5,5,1,1,2
"2672",18,230,5,5,5,1,1,2
"2673",18,230,5,5,5,1,1,2
"2674",18,230,5,5,5,1,1,2
"2675",18,230,5,5,5,1,1,2
"2676",18,230,5,5,5,1,1,2
"2677",18,230,5,5,5,1,1,2
"2678",18,230,5,5,5,1,1,2
"2679",18,231,3,2,2,2,2,3
"2680",18,231,3,2,2,2,2,3
"2681",18,231,3,2,2,2,2,3
"2682",18,231,3,2,2,2,2,3
"2683",18,231,3,2,2,2,2,3
"2684",18,231,3,2,2,2,2,3
"2685",18,231,3,2,2,2,2,3
"2686",18,231,3,2,2,2,2,3
"2687",18,231,3,2,2,2,2,3
"2688",18,231,3,2,2,2,2,3
"2689",18,232,5,5,4,1,1,1
"2690",18,232,5,5,4,1,1,1
"2691",18,232,5,5,4,1,1,1
"2692",18,232,5,5,4,1,1,1
"2693",18,232,5,5,4,1,1,1
"2694",18,232,5,5,4,1,1,1
"2695",18,232,5,5,4,1,1,1
"2696",18,233,4,4,4,2,3,3
"2697",18,233,4,4,4,2,3,3
"2698",18,233,4,4,4,2,3,3
"2699",18,233,4,4,4,2,3,3
"2700",18,233,4,4,4,2,3,3
"2701",18,233,4,4,4,2,3,3
"2702",18,233,4,4,4,2,3,3
"2703",18,233,4,4,4,2,3,3
"2704",18,233,4,4,4,2,3,3
"2705",18,233,4,4,4,2,3,3
"2706",18,233,4,4,4,2,3,3
"2707",18,233,4,4,4,2,3,3
"2708",18,234,5,5,5,1,1,2
"2709",18,234,5,5,5,1,1,2
"2710",18,234,5,5,5,1,1,2
"2711",18,234,5,5,5,1,1,2
"2712",18,234,5,5,5,1,1,2
"2713",18,234,5,5,5,1,1,2
"2714",18,234,5,5,5,1,1,2
"2715",18,234,5,5,5,1,1,2
"2716",18,235,5,5,5,1,1,1
"2717",18,235,5,5,5,1,1,1
"2718",18,235,5,5,5,1,1,1
"2719",18,235,5,5,5,1,1,1
"2720",18,235,5,5,5,1,1,1
"2721",18,235,5,5,5,1,1,1
"2722",18,235,5,5,5,1,1,1
"2723",18,235,5,5,5,1,1,1
"2724",18,236,2,2,3,4,4,4
"2725",18,236,2,2,3,4,4,4
"2726",18,236,2,2,3,4,4,4
"2727",18,236,2,2,3,4,4,4
"2728",18,236,2,2,3,4,4,4
"2729",18,236,2,2,3,4,4,4
"2730",18,236,2,2,3,4,4,4
"2731",18,236,2,2,3,4,4,4
"2732",18,236,2,2,3,4,4,4
"2733",18,237,5,5,5,1,1,2
"2734",18,237,5,5,5,1,1,2
"2735",18,237,5,5,5,1,1,2
"2736",18,238,4,3,3,2,2,2
"2737",18,238,4,3,3,2,2,2
"2738",18,238,4,3,3,2,2,2
"2739",18,238,4,3,3,2,2,2
"2740",18,238,4,3,3,2,2,2
"2741",18,238,4,3,3,2,2,2
"2742",18,239,4,4,4,1,1,1
"2743",18,239,4,4,4,1,1,1
"2744",18,239,4,4,4,1,1,1
"2745",18,239,4,4,4,1,1,1
"2746",18,239,4,4,4,1,1,1
"2747",18,239,4,4,4,1,1,1
"2748",18,239,4,4,4,1,1,1
"2749",18,239,4,4,4,1,1,1
"2750",18,239,4,4,4,1,1,1
"2751",18,239,4,4,4,1,1,1
"2752",18,239,4,4,4,1,1,1
"2753",18,240,4,4,4,2,1,2
"2754",18,240,4,4,4,2,1,2
"2755",18,240,4,4,4,2,1,2
"2756",18,240,4,4,4,2,1,2
"2757",18,240,4,4,4,2,1,2
"2758",18,240,4,4,4,2,1,2
"2759",18,241,5,4,4,3,2,4
"2760",18,241,5,4,4,3,2,4
"2761",18,241,5,4,4,3,2,4
"2762",18,241,5,4,4,3,2,4
"2763",18,241,5,4,4,3,2,4
"2764",18,241,5,4,4,3,2,4
"2765",18,241,5,4,4,3,2,4
"2766",18,242,5,5,5,1,1,1
"2767",18,242,5,5,5,1,1,1
"2768",18,242,5,5,5,1,1,1
"2769",18,242,5,5,5,1,1,1
"2770",18,242,5,5,5,1,1,1
"2771",18,242,5,5,5,1,1,1
"2772",18,243,4,4,4,3,4,2
"2773",18,243,4,4,4,3,4,2
"2774",18,243,4,4,4,3,4,2
"2775",18,243,4,4,4,3,4,2
"2776",18,243,4,4,4,3,4,2
"2777",18,243,4,4,4,3,4,2
"2778",18,243,4,4,4,3,4,2
"2779",18,243,4,4,4,3,4,2
"2780",19,244,2,2,3,5,2,5
"2781",19,244,2,2,3,5,2,5
"2782",19,244,2,2,3,5,2,5
"2783",19,244,2,2,3,5,2,5
"2784",19,245,4,3,4,3,3,3
"2785",19,245,4,3,4,3,3,3
"2786",19,245,4,3,4,3,3,3
"2787",19,245,4,3,4,3,3,3
"2788",19,246,5,4,5,1,1,1
"2789",19,246,5,4,5,1,1,1
"2790",19,246,5,4,5,1,1,1
"2791",19,246,5,4,5,1,1,1
"2792",19,246,5,4,5,1,1,1
"2793",19,246,5,4,5,1,1,1
"2794",19,246,5,4,5,1,1,1
"2795",19,247,3,3,4,4,3,5
"2796",19,247,3,3,4,4,3,5
"2797",19,247,3,3,4,4,3,5
"2798",19,247,3,3,4,4,3,5
"2799",19,247,3,3,4,4,3,5
"2800",19,247,3,3,4,4,3,5
"2801",19,247,3,3,4,4,3,5
"2802",19,248,4,3,4,1,1,1
"2803",19,248,4,3,4,1,1,1
"2804",19,248,4,3,4,1,1,1
"2805",19,248,4,3,4,1,1,1
"2806",19,248,4,3,4,1,1,1
"2807",19,249,4,4,2,3,3,5
"2808",19,249,4,4,2,3,3,5
"2809",19,249,4,4,2,3,3,5
"2810",19,249,4,4,2,3,3,5
"2811",19,250,2,1,1,5,5,5
"2812",19,250,2,1,1,5,5,5
"2813",19,250,2,1,1,5,5,5
"2814",19,250,2,1,1,5,5,5
"2815",19,250,2,1,1,5,5,5
"2816",19,251,4,4,4,2,1,2
"2817",19,251,4,4,4,2,1,2
"2818",19,251,4,4,4,2,1,2
"2819",19,251,4,4,4,2,1,2
"2820",19,252,2,2,2,4,4,4
"2821",19,252,2,2,2,4,4,4
"2822",19,252,2,2,2,4,4,4
"2823",19,252,2,2,2,4,4,4
"2824",19,252,2,2,2,4,4,4
"2825",19,253,3,3,4,3,1,2
"2826",19,253,3,3,4,3,1,2
"2827",19,253,3,3,4,3,1,2
"2828",19,253,3,3,4,3,1,2
"2829",19,253,3,3,4,3,1,2
"2830",19,253,3,3,4,3,1,2
"2831",19,253,3,3,4,3,1,2
"2832",19,253,3,3,4,3,1,2
"2833",19,254,2,2,4,3,3,3
"2834",19,254,2,2,4,3,3,3
"2835",19,254,2,2,4,3,3,3
"2836",19,254,2,2,4,3,3,3
"2837",19,254,2,2,4,3,3,3
"2838",19,255,5,4,5,2,1,2
"2839",19,255,5,4,5,2,1,2
"2840",19,255,5,4,5,2,1,2
"2841",19,255,5,4,5,2,1,2
"2842",19,255,5,4,5,2,1,2
"2843",19,255,5,4,5,2,1,2
"2844",19,256,3,3,4,2,2,2
"2845",19,256,3,3,4,2,2,2
"2846",19,256,3,3,4,2,2,2
"2847",19,256,3,3,4,2,2,2
"2848",19,257,3,2,3,4,4,4
"2849",19,257,3,2,3,4,4,4
"2850",19,257,3,2,3,4,4,4
"2851",19,257,3,2,3,4,4,4
"2852",19,258,5,4,4,1,2,2
"2853",19,258,5,4,4,1,2,2
"2854",19,258,5,4,4,1,2,2
"2855",19,258,5,4,4,1,2,2
"2856",19,258,5,4,4,1,2,2
"2857",19,259,3,2,4,3,2,3
"2858",19,259,3,2,4,3,2,3
"2859",19,259,3,2,4,3,2,3
"2860",19,259,3,2,4,3,2,3
"2861",19,259,3,2,4,3,2,3
"2862",19,259,3,2,4,3,2,3
"2863",19,259,3,2,4,3,2,3
"2864",19,260,1,1,1,5,5,5
"2865",19,260,1,1,1,5,5,5
"2866",19,260,1,1,1,5,5,5
"2867",19,261,4,3,5,1,1,1
"2868",19,261,4,3,5,1,1,1
"2869",19,261,4,3,5,1,1,1
"2870",19,261,4,3,5,1,1,1
"2871",19,261,4,3,5,1,1,1
"2872",19,262,1,1,1,5,5,5
"2873",19,262,1,1,1,5,5,5
"2874",19,262,1,1,1,5,5,5
"2875",19,262,1,1,1,5,5,5
"2876",19,262,1,1,1,5,5,5
"2877",19,262,1,1,1,5,5,5
"2878",19,262,1,1,1,5,5,5
"2879",19,263,1,1,1,5,5,5
"2880",19,263,1,1,1,5,5,5
"2881",19,263,1,1,1,5,5,5
"2882",20,264,4,4,NA,1,3,2
"2883",20,264,4,4,NA,1,3,2
"2884",20,264,4,4,NA,1,3,2
"2885",20,264,4,4,NA,1,3,2
"2886",20,264,4,4,NA,1,3,2
"2887",20,264,4,4,NA,1,3,2
"2888",20,264,4,4,NA,1,3,2
"2889",21,264,3,3,3,2,3,3
"2890",21,264,3,3,3,2,3,3
"2891",21,264,3,3,3,2,3,3
"2892",21,264,3,3,3,2,3,3
"2893",21,264,3,3,3,2,3,3
"2894",21,264,3,3,3,2,3,3
"2895",20,265,4,4,4,1,1,1
"2896",20,265,4,4,4,1,1,1
"2897",20,265,4,4,4,1,1,1
"2898",20,265,4,4,4,1,1,1
"2899",20,265,4,4,4,1,1,1
"2900",20,265,4,4,4,1,1,1
"2901",20,265,4,4,4,1,1,1
"2902",20,265,4,4,4,1,1,1
"2903",20,265,4,4,4,1,1,1
"2904",20,265,4,4,4,1,1,1
"2905",20,265,4,4,4,1,1,1
"2906",20,265,4,4,4,1,1,1
"2907",21,265,4,4,4,1,1,2
"2908",21,265,4,4,4,1,1,2
"2909",21,265,4,4,4,1,1,2
"2910",21,265,4,4,4,1,1,2
"2911",20,266,5,4,4,1,1,1
"2912",20,266,5,4,4,1,1,1
"2913",20,266,5,4,4,1,1,1
"2914",20,266,5,4,4,1,1,1
"2915",20,266,5,4,4,1,1,1
"2916",20,266,5,4,4,1,1,1
"2917",20,266,5,4,4,1,1,1
"2918",20,266,5,4,4,1,1,1
"2919",20,266,5,4,4,1,1,1
"2920",20,266,5,4,4,1,1,1
"2921",21,266,4,3,4,1,2,2
"2922",21,266,4,3,4,1,2,2
"2923",21,266,4,3,4,1,2,2
"2924",21,266,4,3,4,1,2,2
"2925",21,266,4,3,4,1,2,2
"2926",21,266,4,3,4,1,2,2
"2927",20,267,2,2,1,2,4,4
"2928",20,267,2,2,1,2,4,4
"2929",20,267,2,2,1,2,4,4
"2930",21,267,2,2,2,4,3,5
"2931",20,268,3,3,3,3,3,3
"2932",20,268,3,3,3,3,3,3
"2933",21,268,4,4,4,2,2,2
"2934",20,269,4,3,3,3,3,3
"2935",20,269,4,3,3,3,3,3
"2936",20,269,4,3,3,3,3,3
"2937",20,269,4,3,3,3,3,3
"2938",20,269,4,3,3,3,3,3
"2939",20,269,4,3,3,3,3,3
"2940",20,269,4,3,3,3,3,3
"2941",20,269,4,3,3,3,3,3
"2942",20,269,4,3,3,3,3,3
"2943",20,269,4,3,3,3,3,3
"2944",20,269,4,3,3,3,3,3
"2945",21,269,3,2,3,3,3,3
"2946",21,269,3,2,3,3,3,3
"2947",21,269,3,2,3,3,3,3
"2948",20,270,5,4,4,2,2,2
"2949",20,270,5,4,4,2,2,2
"2950",20,270,5,4,4,2,2,2
"2951",20,270,5,4,4,2,2,2
"2952",20,270,5,4,4,2,2,2
"2953",20,270,5,4,4,2,2,2
"2954",20,270,5,4,4,2,2,2
"2955",20,270,5,4,4,2,2,2
"2956",20,270,5,4,4,2,2,2
"2957",20,270,5,4,4,2,2,2
"2958",20,270,5,4,4,2,2,2
"2959",21,270,4,4,4,2,2,3
"2960",21,270,4,4,4,2,2,3
"2961",21,270,4,4,4,2,2,3
"2962",21,270,4,4,4,2,2,3
"2963",21,270,4,4,4,2,2,3
"2964",21,270,4,4,4,2,2,3
"2965",20,271,3,3,3,4,3,3
"2966",20,271,3,3,3,4,3,3
"2967",20,271,3,3,3,4,3,3
"2968",20,271,3,3,3,4,3,3
"2969",20,271,3,3,3,4,3,3
"2970",20,271,3,3,3,4,3,3
"2971",20,271,3,3,3,4,3,3
"2972",20,271,3,3,3,4,3,3
"2973",20,271,3,3,3,4,3,3
"2974",20,271,3,3,3,4,3,3
"2975",20,271,3,3,3,4,3,3
"2976",21,271,4,4,4,2,2,3
"2977",21,271,4,4,4,2,2,3
"2978",21,271,4,4,4,2,2,3
"2979",21,271,4,4,4,2,2,3
"2980",21,271,4,4,4,2,2,3
"2981",20,272,3,4,3,4,2,3
"2982",20,272,3,4,3,4,2,3
"2983",20,272,3,4,3,4,2,3
"2984",20,272,3,4,3,4,2,3
"2985",20,272,3,4,3,4,2,3
"2986",20,272,3,4,3,4,2,3
"2987",20,272,3,4,3,4,2,3
"2988",20,272,3,4,3,4,2,3
"2989",20,272,3,4,3,4,2,3
"2990",20,272,3,4,3,4,2,3
"2991",20,272,3,4,3,4,2,3
"2992",21,272,4,3,4,2,2,2
"2993",21,272,4,3,4,2,2,2
"2994",21,272,4,3,4,2,2,2
"2995",20,273,3,3,2,3,2,2
"2996",20,273,3,3,2,3,2,2
"2997",20,273,3,3,2,3,2,2
"2998",20,273,3,3,2,3,2,2
"2999",20,273,3,3,2,3,2,2
"3000",20,273,3,3,2,3,2,2
"3001",20,273,3,3,2,3,2,2
"3002",20,273,3,3,2,3,2,2
"3003",20,273,3,3,2,3,2,2
"3004",21,273,2,3,3,4,3,3
"3005",21,273,2,3,3,4,3,3
"3006",21,273,2,3,3,4,3,3
"3007",21,273,2,3,3,4,3,3
"3008",20,274,3,3,3,3,3,3
"3009",20,274,3,3,3,3,3,3
"3010",20,274,3,3,3,3,3,3
"3011",20,274,3,3,3,3,3,3
"3012",20,274,3,3,3,3,3,3
"3013",20,274,3,3,3,3,3,3
"3014",20,274,3,3,3,3,3,3
"3015",20,274,3,3,3,3,3,3
"3016",20,274,3,3,3,3,3,3
"3017",20,274,3,3,3,3,3,3
"3018",20,274,3,3,3,3,3,3
"3019",20,274,3,3,3,3,3,3
"3020",20,275,3,3,3,3,4,3
"3021",21,275,4,3,4,2,2,3
"3022",21,275,4,3,4,2,2,3
"3023",20,276,5,5,4,2,2,3
"3024",20,276,5,5,4,2,2,3
"3025",20,276,5,5,4,2,2,3
"3026",20,276,5,5,4,2,2,3
"3027",20,276,5,5,4,2,2,3
"3028",20,276,5,5,4,2,2,3
"3029",20,276,5,5,4,2,2,3
"3030",21,276,5,4,5,2,2,NA
"3031",20,277,4,4,4,2,2,4
"3032",20,277,4,4,4,2,2,4
"3033",20,277,4,4,4,2,2,4
"3034",20,277,4,4,4,2,2,4
"3035",20,277,4,4,4,2,2,4
"3036",20,277,4,4,4,2,2,4
"3037",20,277,4,4,4,2,2,4
"3038",20,277,4,4,4,2,2,4
"3039",20,277,4,4,4,2,2,4
"3040",20,277,4,4,4,2,2,4
"3041",20,277,4,4,4,2,2,4
"3042",20,277,4,4,4,2,2,4
"3043",21,277,4,4,4,1,1,2
"3044",21,277,4,4,4,1,1,2
"3045",21,277,4,4,4,1,1,2
"3046",21,277,4,4,4,1,1,2
"3047",21,277,4,4,4,1,1,2
"3048",21,277,4,4,4,1,1,2
"3049",20,278,4,4,4,2,2,2
"3050",20,278,4,4,4,2,2,2
"3051",20,278,4,4,4,2,2,2
"3052",20,278,4,4,4,2,2,2
"3053",20,278,4,4,4,2,2,2
"3054",20,278,4,4,4,2,2,2
"3055",20,278,4,4,4,2,2,2
"3056",20,278,4,4,4,2,2,2
"3057",20,278,4,4,4,2,2,2
"3058",20,278,4,4,4,2,2,2
"3059",20,278,4,4,4,2,2,2
"3060",21,278,3,3,3,2,2,3
"3061",21,278,3,3,3,2,2,3
"3062",21,278,3,3,3,2,2,3
"3063",21,278,3,3,3,2,2,3
"3064",21,278,3,3,3,2,2,3
"3065",20,279,3,3,3,3,3,3
"3066",20,279,3,3,3,3,3,3
"3067",20,279,3,3,3,3,3,3
"3068",20,279,3,3,3,3,3,3
"3069",20,279,3,3,3,3,3,3
"3070",20,279,3,3,3,3,3,3
"3071",20,279,3,3,3,3,3,3
"3072",20,279,3,3,3,3,3,3
"3073",20,279,3,3,3,3,3,3
"3074",21,279,3,3,3,2,2,2
"3075",21,279,3,3,3,2,2,2
"3076",21,279,3,3,3,2,2,2
"3077",21,279,3,3,3,2,2,2
"3078",21,279,3,3,3,2,2,2
"3079",21,279,3,3,3,2,2,2
"3080",20,280,3,3,3,3,3,3
"3081",20,280,3,3,3,3,3,3
"3082",20,280,3,3,3,3,3,3
"3083",20,280,3,3,3,3,3,3
"3084",20,280,3,3,3,3,3,3
"3085",20,280,3,3,3,3,3,3
"3086",20,280,3,3,3,3,3,3
"3087",20,280,3,3,3,3,3,3
"3088",20,280,3,3,3,3,3,3
"3089",20,280,3,3,3,3,3,3
"3090",21,280,4,4,4,3,2,2
"3091",21,280,4,4,4,3,2,2
"3092",21,280,4,4,4,3,2,2
"3093",21,280,4,4,4,3,2,2
"3094",21,280,4,4,4,3,2,2
"3095",21,280,4,4,4,3,2,2
"3096",21,280,4,4,4,3,2,2
"3097",20,281,4,4,3,2,4,3
"3098",20,281,4,4,3,2,4,3
"3099",20,281,4,4,3,2,4,3
"3100",20,281,4,4,3,2,4,3
"3101",20,281,4,4,3,2,4,3
"3102",20,281,4,4,3,2,4,3
"3103",20,281,4,4,3,2,4,3
"3104",20,281,4,4,3,2,4,3
"3105",21,281,4,4,4,1,1,3
"3106",21,281,4,4,4,1,1,3
"3107",21,281,4,4,4,1,1,3
"3108",21,281,4,4,4,1,1,3
"3109",20,282,3,3,3,3,3,3
"3110",20,282,3,3,3,3,3,3
"3111",20,282,3,3,3,3,3,3
"3112",20,282,3,3,3,3,3,3
"3113",20,282,3,3,3,3,3,3
"3114",20,282,3,3,3,3,3,3
"3115",20,282,3,3,3,3,3,3
"3116",20,282,3,3,3,3,3,3
"3117",20,282,3,3,3,3,3,3
"3118",21,282,4,4,4,3,2,2
"3119",21,282,4,4,4,3,2,2
"3120",21,282,4,4,4,3,2,2
"3121",21,282,4,4,4,3,2,2
"3122",21,282,4,4,4,3,2,2
"3123",20,283,4,4,3,2,2,4
"3124",20,283,4,4,3,2,2,4
"3125",20,283,4,4,3,2,2,4
"3126",20,283,4,4,3,2,2,4
"3127",20,283,4,4,3,2,2,4
"3128",20,283,4,4,3,2,2,4
"3129",20,283,4,4,3,2,2,4
"3130",20,283,4,4,3,2,2,4
"3131",21,283,5,5,5,2,2,2
"3132",20,284,3,3,3,3,3,3
"3133",20,284,3,3,3,3,3,3
"3134",20,284,3,3,3,3,3,3
"3135",20,284,3,3,3,3,3,3
"3136",20,284,3,3,3,3,3,3
"3137",20,284,3,3,3,3,3,3
"3138",20,284,3,3,3,3,3,3
"3139",20,284,3,3,3,3,3,3
"3140",20,284,3,3,3,3,3,3
"3141",21,284,3,3,3,3,2,2
"3142",21,284,3,3,3,3,2,2
"3143",20,285,5,5,5,1,1,5
"3144",20,285,5,5,5,1,1,5
"3145",20,285,5,5,5,1,1,5
"3146",20,285,5,5,5,1,1,5
"3147",20,285,5,5,5,1,1,5
"3148",20,285,5,5,5,1,1,5
"3149",20,285,5,5,5,1,1,5
"3150",20,285,5,5,5,1,1,5
"3151",20,285,5,5,5,1,1,5
"3152",20,285,5,5,5,1,1,5
"3153",21,285,5,5,5,1,1,1
"3154",21,285,5,5,5,1,1,1
"3155",21,285,5,5,5,1,1,1
"3156",21,285,5,5,5,1,1,1
"3157",21,285,5,5,5,1,1,1
"3158",20,286,3,4,2,3,2,2
"3159",20,286,3,4,2,3,2,2
"3160",20,286,3,4,2,3,2,2
"3161",20,286,3,4,2,3,2,2
"3162",20,286,3,4,2,3,2,2
"3163",20,286,3,4,2,3,2,2
"3164",20,286,3,4,2,3,2,2
"3165",20,286,3,4,2,3,2,2
"3166",20,286,3,4,2,3,2,2
"3167",21,286,4,4,4,2,1,1
"3168",21,286,4,4,4,2,1,1
"3169",21,286,4,4,4,2,1,1
"3170",21,286,4,4,4,2,1,1
"3171",21,286,4,4,4,2,1,1
"3172",21,286,4,4,4,2,1,1
"3173",21,286,4,4,4,2,1,1
"3174",20,287,4,4,4,2,2,2
"3175",20,287,4,4,4,2,2,2
"3176",20,287,4,4,4,2,2,2
"3177",20,287,4,4,4,2,2,2
"3178",20,287,4,4,4,2,2,2
"3179",20,287,4,4,4,2,2,2
"3180",20,287,4,4,4,2,2,2
"3181",20,287,4,4,4,2,2,2
"3182",20,287,4,4,4,2,2,2
"3183",20,287,4,4,4,2,2,2
"3184",21,287,4,4,4,2,2,2
"3185",21,287,4,4,4,2,2,2
"3186",21,287,4,4,4,2,2,2
"3187",21,287,4,4,4,2,2,2
"3188",21,287,4,4,4,2,2,2
"3189",20,288,3,4,3,2,3,2
"3190",20,288,3,4,3,2,3,2
"3191",20,288,3,4,3,2,3,2
"3192",20,288,3,4,3,2,3,2
"3193",20,288,3,4,3,2,3,2
"3194",20,288,3,4,3,2,3,2
"3195",20,288,3,4,3,2,3,2
"3196",20,288,3,4,3,2,3,2
"3197",20,288,3,4,3,2,3,2
"3198",20,288,3,4,3,2,3,2
"3199",21,288,4,3,4,2,2,2
"3200",21,288,4,3,4,2,2,2
"3201",21,288,4,3,4,2,2,2
"3202",21,288,4,3,4,2,2,2
"3203",21,288,4,3,4,2,2,2
"3204",21,288,4,3,4,2,2,2
"3205",21,288,4,3,4,2,2,2
"3206",22,289,4,3,3,4,2,3
"3207",22,289,4,3,3,4,2,3
"3208",22,289,4,3,3,4,2,3
"3209",22,289,4,3,3,4,2,3
"3210",23,289,5,4,4,4,3,3
"3211",23,289,5,4,4,4,3,3
"3212",23,289,5,4,4,4,3,3
"3213",23,289,5,4,4,4,3,3
"3214",23,289,5,4,4,4,3,3
"3215",23,289,5,4,4,4,3,3
"3216",23,289,5,4,4,4,3,3
"3217",23,289,5,4,4,4,3,3
"3218",23,289,5,4,4,4,3,3
"3219",23,289,5,4,4,4,3,3
"3220",22,290,4,3,3,2,2,2
"3221",22,290,4,3,3,2,2,2
"3222",22,290,4,3,3,2,2,2
"3223",22,290,4,3,3,2,2,2
"3224",22,290,4,3,3,2,2,2
"3225",22,290,4,3,3,2,2,2
"3226",22,290,4,3,3,2,2,2
"3227",22,290,4,3,3,2,2,2
"3228",23,290,4,3,3,4,3,4
"3229",23,290,4,3,3,4,3,4
"3230",23,290,4,3,3,4,3,4
"3231",23,290,4,3,3,4,3,4
"3232",23,290,4,3,3,4,3,4
"3233",23,290,4,3,3,4,3,4
"3234",23,290,4,3,3,4,3,4
"3235",23,290,4,3,3,4,3,4
"3236",23,290,4,3,3,4,3,4
"3237",23,290,4,3,3,4,3,4
"3238",23,290,4,3,3,4,3,4
"3239",22,291,4,4,4,2,2,2
"3240",22,291,4,4,4,2,2,2
"3241",22,291,4,4,4,2,2,2
"3242",23,291,5,4,4,2,2,2
"3243",23,291,5,4,4,2,2,2
"3244",23,291,5,4,4,2,2,2
"3245",23,291,5,4,4,2,2,2
"3246",23,291,5,4,4,2,2,2
"3247",23,291,5,4,4,2,2,2
"3248",23,291,5,4,4,2,2,2
"3249",23,291,5,4,4,2,2,2
"3250",23,291,5,4,4,2,2,2
"3251",23,291,5,4,4,2,2,2
"3252",23,291,5,4,4,2,2,2
"3253",23,291,5,4,4,2,2,2
"3254",23,291,5,4,4,2,2,2
"3255",23,291,5,4,4,2,2,2
"3256",22,292,3,2,2,3,4,3
"3257",22,292,3,2,2,3,4,3
"3258",22,292,3,2,2,3,4,3
"3259",22,292,3,2,2,3,4,3
"3260",23,292,3,3,4,3,4,3
"3261",23,292,3,3,4,3,4,3
"3262",23,292,3,3,4,3,4,3
"3263",23,292,3,3,4,3,4,3
"3264",23,292,3,3,4,3,4,3
"3265",23,292,3,3,4,3,4,3
"3266",23,292,3,3,4,3,4,3
"3267",23,292,3,3,4,3,4,3
"3268",22,293,4,3,3,3,2,3
"3269",22,293,4,3,3,3,2,3
"3270",22,293,4,3,3,3,2,3
"3271",22,293,4,3,3,3,2,3
"3272",22,293,4,3,3,3,2,3
"3273",23,293,5,4,5,3,2,2
"3274",23,293,5,4,5,3,2,2
"3275",23,293,5,4,5,3,2,2
"3276",23,293,5,4,5,3,2,2
"3277",23,293,5,4,5,3,2,2
"3278",23,293,5,4,5,3,2,2
"3279",23,293,5,4,5,3,2,2
"3280",23,293,5,4,5,3,2,2
"3281",22,294,4,3,3,2,2,3
"3282",22,294,4,3,3,2,2,3
"3283",22,294,4,3,3,2,2,3
"3284",22,294,4,3,3,2,2,3
"3285",22,294,4,3,3,2,2,3
"3286",22,294,4,3,3,2,2,3
"3287",23,294,5,4,4,2,2,2
"3288",23,294,5,4,4,2,2,2
"3289",23,294,5,4,4,2,2,2
"3290",23,294,5,4,4,2,2,2
"3291",23,294,5,4,4,2,2,2
"3292",23,294,5,4,4,2,2,2
"3293",23,294,5,4,4,2,2,2
"3294",23,294,5,4,4,2,2,2
"3295",23,294,5,4,4,2,2,2
"3296",23,294,5,4,4,2,2,2
"3297",23,294,5,4,4,2,2,2
"3298",23,294,5,4,4,2,2,2
"3299",23,294,5,4,4,2,2,2
"3300",22,295,4,3,4,2,1,2
"3301",22,295,4,3,4,2,1,2
"3302",22,295,4,3,4,2,1,2
"3303",22,295,4,3,4,2,1,2
"3304",22,295,4,3,4,2,1,2
"3305",23,295,5,4,4,2,2,2
"3306",23,295,5,4,4,2,2,2
"3307",23,295,5,4,4,2,2,2
"3308",23,295,5,4,4,2,2,2
"3309",23,295,5,4,4,2,2,2
"3310",23,295,5,4,4,2,2,2
"3311",23,295,5,4,4,2,2,2
"3312",23,295,5,4,4,2,2,2
"3313",22,296,3,2,3,3,4,4
"3314",23,296,4,NA,3,3,3,3
"3315",23,296,4,NA,3,3,3,3
"3316",23,296,4,NA,3,3,3,3
"3317",23,296,4,NA,3,3,3,3
"3318",23,296,4,NA,3,3,3,3
"3319",22,297,5,4,4,1,1,3
"3320",22,297,5,4,4,1,1,3
"3321",22,297,5,4,4,1,1,3
"3322",22,297,5,4,4,1,1,3
"3323",23,297,5,5,5,3,2,2
"3324",23,297,5,5,5,3,2,2
"3325",23,297,5,5,5,3,2,2
"3326",23,297,5,5,5,3,2,2
"3327",22,298,4,3,4,1,2,2
"3328",22,298,4,3,4,1,2,2
"3329",22,298,4,3,4,1,2,2
"3330",23,298,3,3,4,4,4,3
"3331",23,298,3,3,4,4,4,3
"3332",23,298,3,3,4,4,4,3
"3333",23,298,3,3,4,4,4,3
"3334",23,298,3,3,4,4,4,3
"3335",23,298,3,3,4,4,4,3
"3336",23,298,3,3,4,4,4,3
"3337",23,298,3,3,4,4,4,3
"3338",23,298,3,3,4,4,4,3
"3339",22,299,2,2,2,5,4,4
"3340",22,299,2,2,2,5,4,4
"3341",23,299,3,3,4,4,4,4
"3342",23,299,3,3,4,4,4,4
"3343",23,299,3,3,4,4,4,4
"3344",23,299,3,3,4,4,4,4
"3345",23,299,3,3,4,4,4,4
"3346",23,299,3,3,4,4,4,4
"3347",23,299,3,3,4,4,4,4
"3348",23,299,3,3,4,4,4,4
"3349",23,299,3,3,4,4,4,4
"3350",22,300,4,3,3,3,3,3
"3351",22,300,4,3,3,3,3,3
"3352",23,300,5,4,3,NA,4,2
"3353",23,300,5,4,3,NA,4,2
"3354",23,300,5,4,3,NA,4,2
"3355",23,300,5,4,3,NA,4,2
"3356",23,300,5,4,3,NA,4,2
"3357",23,300,5,4,3,NA,4,2
"3358",23,300,5,4,3,NA,4,2
"3359",23,300,5,4,3,NA,4,2
"3360",23,300,5,4,3,NA,4,2
"3361",22,301,5,5,5,2,2,2
"3362",22,301,5,5,5,2,2,2
"3363",22,301,5,5,5,2,2,2
"3364",22,301,5,5,5,2,2,2
"3365",23,301,5,4,4,2,2,2
"3366",23,301,5,4,4,2,2,2
"3367",23,301,5,4,4,2,2,2
"3368",23,301,5,4,4,2,2,2
"3369",23,301,5,4,4,2,2,2
"3370",23,301,5,4,4,2,2,2
"3371",23,301,5,4,4,2,2,2
"3372",23,301,5,4,4,2,2,2
"3373",23,301,5,4,4,2,2,2
"3374",22,302,3,1,2,5,5,4
"3375",22,302,3,1,2,5,5,4
"3376",22,302,3,1,2,5,5,4
"3377",22,302,3,1,2,5,5,4
"3378",23,302,2,3,2,5,5,5
"3379",23,302,2,3,2,5,5,5
"3380",23,302,2,3,2,5,5,5
"3381",23,302,2,3,2,5,5,5
"3382",23,302,2,3,2,5,5,5
"3383",23,302,2,3,2,5,5,5
"3384",23,302,2,3,2,5,5,5
"3385",23,302,2,3,2,5,5,5
"3386",22,303,4,3,4,1,2,2
"3387",22,303,4,3,4,1,2,2
"3388",22,303,4,3,4,1,2,2
"3389",22,303,4,3,4,1,2,2
"3390",23,303,5,4,4,3,3,3
"3391",23,303,5,4,4,3,3,3
"3392",23,303,5,4,4,3,3,3
"3393",23,303,5,4,4,3,3,3
"3394",23,303,5,4,4,3,3,3
"3395",23,303,5,4,4,3,3,3
"3396",23,303,5,4,4,3,3,3
"3397",23,303,5,4,4,3,3,3
"3398",23,303,5,4,4,3,3,3
"3399",23,303,5,4,4,3,3,3
"3400",23,303,5,4,4,3,3,3
"3401",23,303,5,4,4,3,3,3
"3402",22,304,4,3,3,3,3,3
"3403",22,304,4,3,3,3,3,3
"3404",22,304,4,3,3,3,3,3
"3405",22,304,4,3,3,3,3,3
"3406",23,304,5,4,4,2,2,2
"3407",23,304,5,4,4,2,2,2
"3408",23,304,5,4,4,2,2,2
"3409",23,304,5,4,4,2,2,2
"3410",23,304,5,4,4,2,2,2
"3411",23,304,5,4,4,2,2,2
"3412",23,304,5,4,4,2,2,2
"3413",23,304,5,4,4,2,2,2
"3414",22,305,4,3,4,3,2,3
"3415",22,305,4,3,4,3,2,3
"3416",22,305,4,3,4,3,2,3
"3417",22,305,4,3,4,3,2,3
"3418",22,305,4,3,4,3,2,3
"3419",23,305,4,4,4,3,4,4
"3420",23,305,4,4,4,3,4,4
"3421",23,305,4,4,4,3,4,4
"3422",23,305,4,4,4,3,4,4
"3423",23,305,4,4,4,3,4,4
"3424",23,305,4,4,4,3,4,4
"3425",23,305,4,4,4,3,4,4
"3426",23,306,5,4,3,2,2,2
"3427",23,306,5,4,3,2,2,2
"3428",23,306,5,4,3,2,2,2
"3429",23,306,5,4,3,2,2,2
"3430",23,306,5,4,3,2,2,2
"3431",23,306,5,4,3,2,2,2
"3432",23,306,5,4,3,2,2,2
"3433",23,306,5,4,3,2,2,2
"3434",23,306,5,4,3,2,2,2
"3435",22,307,3,3,3,3,3,3
"3436",23,307,4,2,3,4,4,4
"3437",23,307,4,2,3,4,4,4
"3438",23,307,4,2,3,4,4,4
"3439",23,307,4,2,3,4,4,4
"3440",23,307,4,2,3,4,4,4
"3441",23,307,4,2,3,4,4,4
"3442",23,307,4,2,3,4,4,4
"3443",22,308,3,3,3,3,3,3
"3444",22,308,3,3,3,3,3,3
"3445",23,308,5,4,4,2,2,2
"3446",23,308,5,4,4,2,2,2
"3447",23,308,5,4,4,2,2,2
"3448",23,308,5,4,4,2,2,2
"3449",23,308,5,4,4,2,2,2
"3450",23,308,5,4,4,2,2,2
"3451",23,308,5,4,4,2,2,2
"3452",23,308,5,4,4,2,2,2
"3453",23,308,5,4,4,2,2,2
"3454",23,308,5,4,4,2,2,2
"3455",22,309,5,5,5,2,2,2
"3456",22,309,5,5,5,2,2,2
"3457",22,309,5,5,5,2,2,2
"3458",22,309,5,5,5,2,2,2
"3459",22,309,5,5,5,2,2,2
"3460",23,309,5,5,5,2,2,2
"3461",23,309,5,5,5,2,2,2
"3462",23,309,5,5,5,2,2,2
"3463",23,309,5,5,5,2,2,2
"3464",23,309,5,5,5,2,2,2
"3465",23,309,5,5,5,2,2,2
"3466",23,309,5,5,5,2,2,2
"3467",23,309,5,5,5,2,2,2
"3468",23,309,5,5,5,2,2,2
"3469",23,309,5,5,5,2,2,2
"3470",23,309,5,5,5,2,2,2
"3471",22,310,4,4,4,2,2,2
"3472",22,310,4,4,4,2,2,2
"3473",22,310,4,4,4,2,2,2
"3474",22,310,4,4,4,2,2,2
"3475",22,310,4,4,4,2,2,2
"3476",22,310,4,4,4,2,2,2
"3477",23,310,5,4,4,4,4,4
"3478",23,310,5,4,4,4,4,4
"3479",23,310,5,4,4,4,4,4
"3480",23,310,5,4,4,4,4,4
"3481",23,310,5,4,4,4,4,4
"3482",23,310,5,4,4,4,4,4
"3483",23,310,5,4,4,4,4,4
"3484",23,310,5,4,4,4,4,4
"3485",23,310,5,4,4,4,4,4
"3486",23,310,5,4,4,4,4,4
"3487",22,311,4,3,4,2,2,2
"3488",22,311,4,3,4,2,2,2
"3489",23,311,5,4,4,2,2,2
"3490",23,311,5,4,4,2,2,2
"3491",23,311,5,4,4,2,2,2
"3492",23,311,5,4,4,2,2,2
"3493",23,311,5,4,4,2,2,2
"3494",23,311,5,4,4,2,2,2
"3495",23,311,5,4,4,2,2,2
"3496",23,311,5,4,4,2,2,2
"3497",23,311,5,4,4,2,2,2
"3498",23,311,5,4,4,2,2,2
"3499",23,311,5,4,4,2,2,2
"3500",23,311,5,4,4,2,2,2
"3501",22,312,3,3,3,4,3,3
"3502",22,312,3,3,3,4,3,3
"3503",22,312,3,3,3,4,3,3
"3504",22,312,3,3,3,4,3,3
"3505",23,312,3,3,3,3,3,NA
"3506",23,312,3,3,3,3,3,NA
"3507",23,312,3,3,3,3,3,NA
"3508",23,312,3,3,3,3,3,NA
"3509",23,312,3,3,3,3,3,NA
"3510",23,312,3,3,3,3,3,NA
"3511",23,312,3,3,3,3,3,NA
"3512",23,312,3,3,3,3,3,NA
"3513",23,312,3,3,3,3,3,NA
"3514",22,313,4,3,4,2,2,2
"3515",23,313,5,4,5,2,2,2
"3516",23,313,5,4,5,2,2,2
"3517",23,313,5,4,5,2,2,2
"3518",23,313,5,4,5,2,2,2
"3519",23,313,5,4,5,2,2,2
"3520",23,313,5,4,5,2,2,2
"3521",23,313,5,4,5,2,2,2
"3522",23,313,5,4,5,2,2,2
"3523",23,313,5,4,5,2,2,2
"3524",22,314,4,3,4,3,2,2
"3525",22,314,4,3,4,3,2,2
"3526",23,314,5,4,5,3,2,2
"3527",23,314,5,4,5,3,2,2
"3528",23,314,5,4,5,3,2,2
"3529",23,314,5,4,5,3,2,2
"3530",23,314,5,4,5,3,2,2
"3531",23,314,5,4,5,3,2,2
"3532",23,314,5,4,5,3,2,2
